hall_id,hall_name,today_score,today_events,schedule_week
260000700000004312,アミューズ千葉,,・ / 新台入替(P-WORLD引用),4/28:9.7点 新台入替(P-WORLD引用) / 明日: | 4/29:11.7点 スロトレ調査団　完全制覇 | 5/1:16.0点 ナビ子AI予想【機種仕掛け】★5+ (1のつく日) / 天草極上ホール応援団来店 / PFちゅんげー調査隊来店 / 旧イベ(1のつく日) | 5/5:15.6点 ナビ子AI予想【差枚プラス】★5 (月と重なる日) / ナビ子AI予想【機種仕掛け】★5+ (月と重なる日) / 旧イベ(月と重なる日) / ※一部取材スケジュールの推測について / 「千葉県
260001500000002451,ピーアーク千葉駅前,,"A / タレント・ライター / ※『中野六区来店』 / DMMぱちタウン / 「タレント・ライター」の信頼度は?? / 直近一年以内の全国の出玉データを分析！出玉面から取材、予想の信頼度をチェック！ / サンプル軸	確認309件 / 実施631件 (49%) / 出玉状況	平均+31枚 上位31.7% / 稼働状況	平均3,943G 上位35% / 単独開催時	平均-73枚 平均3,835G / ",4/28:12.2点 タレント・ライター / ※『中野六区来店』 / DMMぱちタウン / 「タレント・ライター」の信頼度は?? / 直近一年以内の全国の出玉データを分析！出玉面から取材、予想の信頼度をチェック！ / サンプル軸	確認309件 / 実施631件 (49%) / 出玉状況	平均+31枚 上位31.7% /  | 4/29:8.3点 にゃにゃふらい来店 / パチ連単 祭 / リアルパチンコ調査隊来店 / 虎桜蛙舞来店取材 | 4/30:15.0点 スロパチガール来店S / ぽとちゃん来店 / エンジョイ玉調査隊来店 / パチ連単 祭 | 5/1:8.3点 裏半撃来店取材 | 5/2:11.3点 タレント・ライター | 5/3:12.2点 真骨超 / アツ姫来店 | 5/4:14.5点 スロパチガール来店S / エンジョイ玉調査隊来店
260002400000001210,スーパーDステーション千葉みなと,,情報はありません,4/29:4.5点 旧イベ(9のつく日) | 5/3:4.5点 旧イベ(3のつく日) / ※一部取材スケジュールの推測について / 「千葉県
260002400000122180,マルハン千葉みなと店,,"C / 戦極 獅子奮迅 / パチスロ必勝本 / 「戦極 獅子奮迅」の信頼度は?? / 直近一年以内の全国の出玉データを分析！出玉面から取材、予想の信頼度をチェック！ / サンプル軸	確認48件 / 実施185件 (25.9%) / 出玉状況	平均-76枚 上位77.5% / 稼働状況	平均2,808G 上位70.1% / 単独開催時	平均-86枚 平均2,742G / 確認店舗数	18店舗 / 開","4/28:7.3点 戦極 獅子奮迅 / パチスロ必勝本 / 「戦極 獅子奮迅」の信頼度は?? / 直近一年以内の全国の出玉データを分析！出玉面から取材、予想の信頼度をチェック！ / サンプル軸	確認48件 / 実施185件 (25.9%) / 出玉状況	平均-76枚 上位77.5% / 稼働状況	平均2,808G 上位 | 4/29:7.7点 アツ姫来店 / ゆうちゃろ来店 | 5/2:10.8点 渋沢が行く！ | 5/3:8.3点 アツ姫来店 | 5/4:6.3点 全集中NYANJA取材 | 5/5:11.2点 ナビ子AI予想【差枚プラス】★1 (月と重なる日) / サンスポホール取材 / ※一部取材スケジュールの推測について / 「千葉県"
260003100000001410,ニュー後楽園JR千葉西口店,,情報はありません,4/29:6.5点 クロロ調査隊チームS | 4/30:10.0点 ナビ子AI予想【機種仕掛け】★3 | 5/2:6.5点 クロロ調査隊チームS | 5/3:6.5点 クロロ調査隊チームS | 5/4:6.5点 クロロ調査隊チームS | 5/5:10.0点 ナビ子AI予想【機種仕掛け】★3 / 旧イベ(5のつく日) / ※一部取材スケジュールの推測について / 「千葉県
260080100000055890,鳩ホールイースト,,情報はありません / ※一部取材スケジュールの推測について / 「千葉県 4/28(火)」おすすめランキングを見る / 「千葉県」取材・旧イベ一覧を見る / ここからは分析型人工知能ナビ子が、分析内容と一緒にご説明します！お気づきの点やご要望があればコメント欄にお書きください！ / 分析の基準日について / 4/28(火)を基準に分析を行っています！ / 当日の取材／独自予想 / 4/28(火)は,
260082400001025590,Dステーション浜野,,情報はありません,4/29:5.6点 旧イベ(9のつく日) | 4/30:8.6点 ぱちタウンタレント来店(いち花) | 5/3:5.6点 旧イベ(3のつく日) | 5/4:9.2点 モンスター取材調査員来店 / スロ姫来店 / MONSTER / ※一部取材スケジュールの推測について / 「千葉県
260082500008931960,フラミンゴ浜野店,,情報はありません,4/29:10.2点 田中逆回転来店 | 5/3:10.6点 田中逆回転来店 / 旧イベ過去状況評価 +0.5 / 旧イベ(3のつく日) | 5/4:10.2点 田中逆回転来店 | 5/5:5.2点 旧イベ過去状況評価 +0.5 / 旧イベ(5のつく日) / ※一部取材スケジュールの推測について / 「千葉県
260083400000210100,ZAP蘇我店,,情報はありません,5/1:8.2点 クロロ調査隊チームS / ※一部取材スケジュールの推測について / 「千葉県
260084300000005710,キクヤ千葉店,,"・ / 全力取材 / 全力パチスロ部 / 10日～1か月など長期で連続で開催されます / 「全力取材」の信頼度は?? / 直近一年以内の全国の出玉データを分析！出玉面から取材、予想の信頼度をチェック！ / サンプル軸	確認633件 / 実施1198件 (52.8%) / 出玉状況	平均+32枚 上位31.7% / 稼働状況	平均4,152G 上位27.5% / 単独開催時	平均-24枚 平均2,4",4/28:11.8点 全力取材 / 全力パチスロ部 / 10日～1か月など長期で連続で開催されます / 「全力取材」の信頼度は?? / 直近一年以内の全国の出玉データを分析！出玉面から取材、予想の信頼度をチェック！ / サンプル軸	確認633件 / 実施1198件 (52.8%) / 出玉状況	平均+32枚 上位31.7 | 5/5:16.3点 ナビ子AI予想【機種仕掛け】★4 (月と重なる日) / 旧イベ(月と重なる日) / ※一部取材スケジュールの推測について / 「千葉県
261000400000012010,稲毛海岸UNO,,情報はありません,4/29:11.8点 四暗刻来店取材(漢字取材編集部) | 5/1:11.9点 ナビ子AI予想【機種仕掛け】★3 (1のつく日) / 超キノコ狩り2nd / 旧イベ(1のつく日) | 5/4:10.8点 半撃来店取材 / ※一部取材スケジュールの推測について / 「千葉県
261002600000003140,アスワン幕張,,"C / ナビ子AI独自予想 N +4.5 / ホールナビによる独自分析！ / 「ナビ子AI独自予想 N +4.5」の信頼度は?? / 直近一年以内の全国の出玉データを分析！出玉面から取材、予想の信頼度をチェック！ / サンプル軸	確認302件 / 実施599件 (50.4%) / 出玉状況	平均-118枚 上位85.5% / 稼働状況	平均3,585G 上位46.4% / 単独開催時	平均-236",4/28:5.8点 ナビ子AI独自予想 N +4.5 / ホールナビによる独自分析！ / 「ナビ子AI独自予想 N +4.5」の信頼度は?? / 直近一年以内の全国の出玉データを分析！出玉面から取材、予想の信頼度をチェック！ / サンプル軸	確認302件 / 実施599件 (50.4%) / 出玉状況	平均-118枚  | 4/29:5.8点 ナビ子AI独自予想 N +4.5 | 5/1:1.3点 旧イベ(1のつく日) | 5/2:5.8点 ナビ子AI独自予想 N +4.5 | 5/3:5.8点 ナビ子AI独自予想 N +4.5 | 5/4:5.8点 ナビ子AI独自予想 N +4.5 | 5/5:5.8点 ナビ子AI独自予想 N +4.5 / ※一部取材スケジュールの推測について / 「千葉県
262000100000947100,日の丸横戸店,,情報はありません / ※一部取材スケジュールの推測について / 「千葉県 4/28(火)」おすすめランキングを見る / 「千葉県」取材・旧イベ一覧を見る / ここからは分析型人工知能ナビ子が、分析内容と一緒にご説明します！お気づきの点やご要望があればコメント欄にお書きください！ / 分析の基準日について / 4/28(火)を基準に分析を行っています！ / 当日の取材／独自予想 / 4/28(火)は,
262002200000002150,パラッツォ新検見川店,,C / よっしー社長の厳選ホール / よっしー社長プロデュース / よっしー社長Twitterに傾向まとめが掲載されている場合があるので、要チェック / 「よっしー社長の厳選ホール」の信頼度は?? / 直近一年以内の全国の出玉データを分析！出玉面から取材、予想の信頼度をチェック！ / サンプル軸	確認455件 / 実施1553件 (29.3%) / 出玉状況	平均-121枚 上位85.5% / 稼,4/28:8.3点 よっしー社長の厳選ホール / よっしー社長プロデュース / よっしー社長Twitterに傾向まとめが掲載されている場合があるので、要チェック / 「よっしー社長の厳選ホール」の信頼度は?? / 直近一年以内の全国の出玉データを分析！出玉面から取材、予想の信頼度をチェック！ / サンプル軸	確認455 | 5/2:9.5点 検見川スロット / 旧イベ過去状況評価 +0.5 / 旧イベ(2のつく日) / ※一部取材スケジュールの推測について / 「千葉県
262003200001778210,TOHO幕張店,,情報はありません,5/4:0.0点 旧イベ(4のつく日) | 5/5:4.5点 効率よしき来店 / ※一部取材スケジュールの推測について / 「千葉県
262003200003771030,やすだ幕張店,,情報はありません,4/29:14.4点 旧イベ過去状況評価 +6.5 / アナスロ調査班来店 / 大感謝取材 / 旧イベ(9のつく日) | 5/1:13.8点 始まりノ刻 | 5/3:14.8点 ナビ子AI予想【機種仕掛け】★3 (毎週 日曜日) / 旧イベ(3のつく日) | 5/5:16.3点 ナビ子AI予想【機種仕掛け】★5 (月と重なる日) / ヒカルの一致団結（スロミュー×ヒカル） / アナスロ調査班来店 / 双乱ノ刻 / ナビ子AI独自予想 N +4.5 / ※一部取材スケジュールの推測について / 「千葉県
262004500000046331,ガイアネクスト花見川,,"B / SEVEN THE TARGET / セブンラッシュ / 「SEVEN THE TARGET」の信頼度は?? / 直近一年以内の全国の出玉データを分析！出玉面から取材、予想の信頼度をチェック！ / サンプル軸	確認142件 / 実施394件 (36%) / 出玉状況	平均-42枚 上位65.2% / 稼働状況	平均3,003G 上位65.6% / 単独開催時	平均-71枚 平均1,962G",4/28:8.7点 SEVEN THE TARGET / セブンラッシュ / 「SEVEN THE TARGET」の信頼度は?? / 直近一年以内の全国の出玉データを分析！出玉面から取材、予想の信頼度をチェック！ / サンプル軸	確認142件 / 実施394件 (36%) / 出玉状況	平均-42枚 上位65.2% / | 4/29:9.1点 SEVEN THE TARGET / ナビ子AI予想【機種仕掛け】★1 (9のつく日) / 旧イベ(9のつく日) | 5/3:8.7点 ナビ子AI予想【機種仕掛け】★1 (3のつく日) / 旧イベ(3のつく日) / ※一部取材スケジュールの推測について / 「千葉県
263000100000083410,マルハン千葉北店,,"A / あいみん来店 / その他取材・企画 / 「あいみん来店」の信頼度は?? / 直近一年以内の全国の出玉データを分析！出玉面から取材、予想の信頼度をチェック！ / サンプル軸	確認51件 / 実施87件 (58.6%) / 出玉状況	平均+1枚 上位43% / 稼働状況	平均4,242G 上位25.1% / 単独開催時	平均-59枚 平均3,308G / 確認店舗数	21店舗 / 開催時影響	","4/28:10.2点 あいみん来店 / その他取材・企画 / 「あいみん来店」の信頼度は?? / 直近一年以内の全国の出玉データを分析！出玉面から取材、予想の信頼度をチェック！ / サンプル軸	確認51件 / 実施87件 (58.6%) / 出玉状況	平均+1枚 上位43% / 稼働状況	平均4,242G 上位25.1% | 4/29:6.3点 クロロ調査隊チームS/P | 4/30:6.3点 MISTK5 | 5/1:6.7点 河原みのり来店 / 半鬼の太鼓 | 5/3:6.3点 ミカエル来店(神の子来店ホール調査) / イザナギ来店(神の子来店ホール調査) / ガブリエル来店(神の子来店ホール調査) / ※一部取材スケジュールの推測について / 「千葉県"
263000400000005160,日の丸パチンコ六方店,,情報はありません,4/30:0.0点 旧イベ(0のつく日) | 5/3:0.0点 旧イベ(3のつく日) / ※一部取材スケジュールの推測について / 「千葉県
263000500000035510,パールショップともえ稲毛長沼店,,情報はありません,5/2:5.5点 旧イベ(2のつく日) / ※一部取材スケジュールの推測について / 「千葉県
263004300000002420,エスパス日拓稲毛駅前新館,,情報はありません,5/5:8.1点 極パス / ※一部取材スケジュールの推測について / 「千葉県
263004300000002570,アイオン稲毛東口店,,情報はありません / ※一部取材スケジュールの推測について / 「千葉県 4/28(火)」おすすめランキングを見る / 「千葉県」取材・旧イベ一覧を見る / ここからは分析型人工知能ナビ子が、分析内容と一緒にご説明します！お気づきの点やご要望があればコメント欄にお書きください！ / 分析の基準日について / 4/28(火)を基準に分析を行っています！ / 当日の取材／独自予想 / 4/28(火)は,
263004300000022100,やすだ稲毛駅前店,,情報はありません,4/29:7.2点 アツ姫来店 | 5/1:9.4点 始まりノ刻 | 5/5:10.8点 ヒカルの一致団結（スロミュー×ヒカル） / 双乱ノ刻 / ※一部取材スケジュールの推測について / 「千葉県
264000100000206130,ハップス千城台店,,・ / 新台入替(P-WORLD引用) / ・ / 旧イベ(8のつく日) / ※一部取材スケジュールの推測について / 「千葉県 4/28(火)」おすすめランキングを見る / 「千葉県」取材・旧イベ一覧を見る / ここからは分析型人工知能ナビ子が、分析内容と一緒にご説明します！お気づきの点やご要望があればコメント欄にお書きください！ / 分析の基準日について / 4/28(火)を基準に分析を行って,4/28:1.0点 新台入替(P-WORLD引用) / 旧イベ(8のつく日) / ※一部取材スケジュールの推測について / 「千葉県
264000700000171020,フラミンゴ小倉店,,情報はありません,5/4:5.0点 スロ王来店取材 | 5/5:2.0点 旧イベ(5のつく日) / ※一部取材スケジュールの推測について / 「千葉県
264002100000432840,アラジン若松店,,・ / 旧イベ(8のつく日) / ※一部取材スケジュールの推測について / 「千葉県 4/28(火)」おすすめランキングを見る / 「千葉県」取材・旧イベ一覧を見る / ここからは分析型人工知能ナビ子が、分析内容と一緒にご説明します！お気づきの点やご要望があればコメント欄にお書きください！ / 分析の基準日について / 4/28(火)を基準に分析を行っています！ / 合計 +3.4 / 当日の取材,4/28:3.4点 旧イベ(8のつく日) / ※一部取材スケジュールの推測について / 「千葉県
264002600000003910,ビッグスクエア都賀店,,情報はありません,4/30:0.0点 旧イベ(0のつく日) | 5/5:0.0点 旧イベ(5のつく日) / ※一部取材スケジュールの推測について / 「千葉県
264003500000008150,ハップス東寺山店,,・ / 旧イベ(8のつく日) / ※一部取材スケジュールの推測について / 「千葉県 4/28(火)」おすすめランキングを見る / 「千葉県」取材・旧イベ一覧を見る / ここからは分析型人工知能ナビ子が、分析内容と一緒にご説明します！お気づきの点やご要望があればコメント欄にお書きください！ / 分析の基準日について / 4/28(火)を基準に分析を行っています！ / 当日の取材／独自予想 / 4/,4/28:0.0点 旧イベ(8のつく日) / ※一部取材スケジュールの推測について / 「千葉県
266000500022303160,誉田スパジオ,,情報はありません / ※一部取材スケジュールの推測について / 「千葉県 4/28(火)」おすすめランキングを見る / 「千葉県」取材・旧イベ一覧を見る / ここからは分析型人工知能ナビ子が、分析内容と一緒にご説明します！お気づきの点やご要望があればコメント欄にお書きください！ / 分析の基準日について / 4/28(火)を基準に分析を行っています！ / 当日の取材／独自予想 / 4/28(火)は,
266001600000011700,VEGA千葉南,,情報はありません,4/29:9.1点 トクダネ！ / サンスポ 取材班来店 | 5/2:7.2点 半鬼の太鼓 | 5/3:7.7点 真骨頂 | 5/5:11.0点 覇王のリアル / 旧イベ過去状況評価 +0.5 / 旧イベ(5のつく日) / ※一部取材スケジュールの推測について / 「千葉県
266003100000005480,アイオンおゆみ野店,,情報はありません / ※一部取材スケジュールの推測について / 「千葉県 4/28(火)」おすすめランキングを見る / 「千葉県」取材・旧イベ一覧を見る / ここからは分析型人工知能ナビ子が、分析内容と一緒にご説明します！お気づきの点やご要望があればコメント欄にお書きください！ / 分析の基準日について / 4/28(火)を基準に分析を行っています！ / 合計 +2.4 / 当日の取材／独自予想 ,
266003100000031760,ピーアークおゆみ野,,"C / 半撃来店取材 / SPリサーチ / 「半撃来店取材」の信頼度は?? / 直近一年以内の全国の出玉データを分析！出玉面から取材、予想の信頼度をチェック！ / サンプル軸	確認450件 / 実施674件 (66.8%) / 出玉状況	平均-40枚 上位58.2% / 稼働状況	平均3,563G 上位46.4% / 単独開催時	平均-37枚 平均3,550G / 確認店舗数	53店舗 / 開催時","4/28:6.9点 半撃来店取材 / SPリサーチ / 「半撃来店取材」の信頼度は?? / 直近一年以内の全国の出玉データを分析！出玉面から取材、予想の信頼度をチェック！ / サンプル軸	確認450件 / 実施674件 (66.8%) / 出玉状況	平均-40枚 上位58.2% / 稼働状況	平均3,563G 上位46 | 4/29:11.7点 スロパチガール来店S / タイガー来店取材玉10 | 4/30:5.3点 SS・判沢くん取材 / SS・摩天楼取材 | 5/1:5.3点 SS・判沢くん取材 / SS・摩天楼取材 | 5/2:11.3点 スロパチステーション来店取材(青) | 5/3:11.3点 スロパチガール来店S | 5/4:11.3点 スロパチガール来店S"
267005400000041310,フィーバー,,情報はありません / ※一部取材スケジュールの推測について / 「千葉県 4/28(火)」おすすめランキングを見る / 「千葉県」取材・旧イベ一覧を見る / ここからは分析型人工知能ナビ子が、分析内容と一緒にご説明します！お気づきの点やご要望があればコメント欄にお書きください！ / 分析の基準日について / 4/28(火)を基準に分析を行っています！ / 合計 0.0 / 当日の取材／独自予想 /,
267006600000009110,エリゼあすみが丘店,,情報はありません,4/29:10.0点 タレント・ライター / 伊吹るな来店 | 5/4:7.1点 伊吹るな来店 / ※一部取材スケジュールの推測について / 「千葉県
270001300000001112,VZONE北小金店,,情報はありません,4/29:6.4点 3×3STAR取材 / 闇月リリム来店 / ※一部取材スケジュールの推測について / 「千葉県
270003400000002161,松戸屋,,情報はありません / ※一部取材スケジュールの推測について / 「千葉県 4/28(火)」おすすめランキングを見る / 「千葉県」取材・旧イベ一覧を見る / ここからは分析型人工知能ナビ子が、分析内容と一緒にご説明します！お気づきの点やご要望があればコメント欄にお書きください！ / 分析の基準日について / 4/28(火)を基準に分析を行っています！ / 当日の取材／独自予想 / 4/28(火)は,
270003400000004420,ピーステージマックス,,情報はありません,4/30:0.0点 旧イベ(0のつく日) / ※一部取材スケジュールの推測について / 「千葉県
270003400000004440,パチスロクィーン,,情報はありません,5/2:0.0点 旧イベ(2のつく日) / ※一部取材スケジュールの推測について / 「千葉県
270003400000014261,テンイチ∞新松戸店,,・ / 旧イベ(8のつく日),4/28:0.0点 旧イベ(8のつく日) / 明日: | 4/29:3.5点 スロ王来店取材 | 5/2:3.5点 スロ王来店取材 | 5/5:3.0点 道化師取材 / ※一部取材スケジュールの推測について / 「千葉県
270011100000000170,江戸川台センター,,情報はありません / ※一部取材スケジュールの推測について / 「千葉県 4/28(火)」おすすめランキングを見る / 「千葉県」取材・旧イベ一覧を見る / ここからは分析型人工知能ナビ子が、分析内容と一緒にご説明します！お気づきの点やご要望があればコメント欄にお書きください！ / 分析の基準日について / 4/28(火)を基準に分析を行っています！ / 当日の取材／独自予想 / 4/28(火)は,
270012100000310650,PARLORメジャー,,情報はありません / ※一部取材スケジュールの推測について / 「千葉県 4/28(火)」おすすめランキングを見る / 「千葉県」取材・旧イベ一覧を見る / ここからは分析型人工知能ナビ子が、分析内容と一緒にご説明します！お気づきの点やご要望があればコメント欄にお書きください！ / 分析の基準日について / 4/28(火)を基準に分析を行っています！ / 当日の取材／独自予想 / 4/28(火)は,
270015700000003810,ミスターパチンコ流山店,,情報はありません / ※一部取材スケジュールの推測について / 「千葉県 4/28(火)」おすすめランキングを見る / 「千葉県」取材・旧イベ一覧を見る / ここからは分析型人工知能ナビ子が、分析内容と一緒にご説明します！お気づきの点やご要望があればコメント欄にお書きください！ / 分析の基準日について / 4/28(火)を基準に分析を行っています！ / 当日の取材／独自予想 / 4/28(火)は,
270016300000019170,やすだ南流山店,,情報はありません,5/1:10.5点 始まりノ刻 | 5/5:11.9点 ヒカルの一致団結（スロミュー×ヒカル） / 双乱ノ刻 / ナビ子AI予想【機種仕掛け】★1 (5のつく日) / 旧イベ(5のつく日) / ※一部取材スケジュールの推測について / 「千葉県
270017200000024111,SAP流山店,,情報はありません,4/29:12.1点 SAP取材 / サプ掘り取材 / サンスポ特別取材 / ※一部取材スケジュールの推測について / 「千葉県
270023700000062111,SAP野田北,,情報はありません,4/29:13.3点 SAP取材 / サプ掘り取材 / サンスポ特別取材 | 5/3:12.2点 ナビ子AI予想【差枚プラス】★1 (毎週 日曜日) | 5/5:12.7点 ナビ子AI予想【差枚プラス】★3 (5のつく日) / ※一部取材スケジュールの推測について / 「千葉県
270113200000011670,VZONE湖北店,,情報はありません / ※一部取材スケジュールの推測について / 「千葉県 4/28(火)」おすすめランキングを見る / 「千葉県」取材・旧イベ一覧を見る / ここからは分析型人工知能ナビ子が、分析内容と一緒にご説明します！お気づきの点やご要望があればコメント欄にお書きください！ / 分析の基準日について / 4/28(火)を基準に分析を行っています！ / 当日の取材／独自予想 / 4/28(火)は,
270114300000001610,パーラードラゴン天王台,,情報はありません,5/5:0.0点 旧イベ(5のつく日) / ※一部取材スケジュールの推測について / 「千葉県
270116600000001450,ジャンボ,,情報はありません,5/5:0.0点 旧イベ(5のつく日) / ※一部取材スケジュールの推測について / 「千葉県
270117700000004720,ブイゾーン我孫子店,,情報はありません / ※一部取材スケジュールの推測について / 「千葉県 4/28(火)」おすすめランキングを見る / 「千葉県」取材・旧イベ一覧を見る / ここからは分析型人工知能ナビ子が、分析内容と一緒にご説明します！お気づきの点やご要望があればコメント欄にお書きください！ / 分析の基準日について / 4/28(火)を基準に分析を行っています！ / 当日の取材／独自予想 / 4/28(火)は,
270132700000243551,ブイゾーン印西,,情報はありません / ※一部取材スケジュールの推測について / 「千葉県 4/28(火)」おすすめランキングを見る / 「千葉県」取材・旧イベ一覧を見る / ここからは分析型人工知能ナビ子が、分析内容と一緒にご説明します！お気づきの点やご要望があればコメント欄にお書きください！ / 分析の基準日について / 4/28(火)を基準に分析を行っています！ / 当日の取材／独自予想 / 4/28(火)は,
270134000000001710,マルハン千葉ニュータウン,,情報はありません,4/29:12.3点 伝説の刻 | 5/3:6.8点 桜梅桃李 / ※一部取材スケジュールの推測について / 「千葉県
270136400000005510,絆の森印西店,,情報はありません / ※一部取材スケジュールの推測について / 「千葉県 4/28(火)」おすすめランキングを見る / 「千葉県」取材・旧イベ一覧を見る / ここからは分析型人工知能ナビ子が、分析内容と一緒にご説明します！お気づきの点やご要望があればコメント欄にお書きください！ / 分析の基準日について / 4/28(火)を基準に分析を行っています！ / 当日の取材／独自予想 / 4/28(火)は,
270140500000078110,VZONE白井店,,情報はありません / ※一部取材スケジュールの推測について / 「千葉県 4/28(火)」おすすめランキングを見る / 「千葉県」取材・旧イベ一覧を見る / ここからは分析型人工知能ナビ子が、分析内容と一緒にご説明します！お気づきの点やご要望があればコメント欄にお書きください！ / 分析の基準日について / 4/28(火)を基準に分析を行っています！ / 当日の取材／独自予想 / 4/28(火)は,
270141600000186820,VZONE神々廻店,,情報はありません / ※一部取材スケジュールの推測について / 「千葉県 4/28(火)」おすすめランキングを見る / 「千葉県」取材・旧イベ一覧を見る / ここからは分析型人工知能ナビ子が、分析内容と一緒にご説明します！お気づきの点やご要望があればコメント欄にお書きください！ / 分析の基準日について / 4/28(火)を基準に分析を行っています！ / 当日の取材／独自予想 / 4/28(火)は,
270143100000010181,ゼウスR16,,情報はありません / ※一部取材スケジュールの推測について / 「千葉県 4/28(火)」おすすめランキングを見る / 「千葉県」取材・旧イベ一覧を見る / SNS、ネットの噂 / ラインの画像で示唆をしていることがある（華、ジャグラー、萌え系、大都、再プレイ） / 0	0 / 4年前 / ここからは分析型人工知能ナビ子が、分析内容と一緒にご説明します！お気づきの点やご要望があればコメント欄にお書,
270143200000003320,ハップス鎌ヶ谷店(HAPS),,情報はありません / ※一部取材スケジュールの推測について / 「千葉県 4/28(火)」おすすめランキングを見る / 「千葉県」取材・旧イベ一覧を見る / ここからは分析型人工知能ナビ子が、分析内容と一緒にご説明します！お気づきの点やご要望があればコメント欄にお書きください！ / 分析の基準日について / 4/28(火)を基準に分析を行っています！ / 当日の取材／独自予想 / 4/28(火)は,
270221400000026120,マルハン松飛台店,,情報はありません,5/1:3.5点 剛腕のリアル | 5/4:4.0点 諸積ゲンズブール来店 / ※一部取材スケジュールの推測について / 「千葉県
270221600000016210,パールショップともえ松戸店,,情報はありません,4/29:7.5点 旧イベ(9のつく日) / ※一部取材スケジュールの推測について / 「千葉県
270222200000032650,エクスアリーナ松戸,,"・ / エクスカリバー来店取材　鋼針領域-ボーダーブレイク- / エクスカリバー / 「エクスカリバー来店取材　鋼針領域-ボーダーブレイク-」の信頼度は?? / 直近一年以内の全国の出玉データを分析！出玉面から取材、予想の信頼度をチェック！ / サンプル軸	確認147件 / 実施148件 (99.3%) / 出玉状況	平均-169枚 上位93.2% / 稼働状況	平均4,250G 上位25.1% ",4/28:6.9点 エクスカリバー来店取材　鋼針領域-ボーダーブレイク- / エクスカリバー / 「エクスカリバー来店取材　鋼針領域-ボーダーブレイク-」の信頼度は?? / 直近一年以内の全国の出玉データを分析！出玉面から取材、予想の信頼度をチェック！ / サンプル軸	確認147件 / 実施148件 (99.3%) / | 4/29:15.1点 心を燃やせ / 全力厳選ホール / アナスロ予測(金) / サンスポホール取材 / エクスカリバー来店取材　鋼針領域-ボーダーブレイク- / キテレツ来店取材 | 4/30:7.0点 ナビ子AI予想【機種仕掛け】★2 (0のつく日) / 無職ちゃん来店 / エクスカリバー来店取材　鋼針領域-ボーダーブレイク- / 旧イベ(0のつく日) | 5/1:7.3点 裏破天荒来店取材 / 玉ちゃん来店 | 5/2:10.6点 波美はるか（ナミ）来店 | 5/3:6.9点 河原みのり来店 / ゴウケツ来店取材 | 5/5:13.9点 全力厳選ホール / 正真正銘 / ナビ子AI予想【機種仕掛け】★2 (5のつく日) / 旧イベ(5のつく日) / ※一部取材スケジュールの推測について / 「千葉県
270222200000033790,ザ・ガーデン,,・ / ぱちたん川柳SELECTION / DMMぱちタウン / 公式HPのバナー画像が川柳になっている。取材対象機種の参考になるので、川柳は確認しておこう / ぱちたん川柳SELECTION ページ / 「ぱちたん川柳SELECTION」の信頼度は?? / 直近一年以内の全国の出玉データを分析！出玉面から取材、予想の信頼度をチェック！ / サンプル軸	確認322件 / 実施952件 (33.8%,4/28:4.2点 ぱちたん川柳SELECTION / DMMぱちタウン / 公式HPのバナー画像が川柳になっている。取材対象機種の参考になるので、川柳は確認しておこう / ぱちたん川柳SELECTION ページ / 「ぱちたん川柳SELECTION」の信頼度は?? / 直近一年以内の全国の出玉データを分析！出玉面から | 4/29:11.1点 心を燃やせ / アナスロ予測(金) / ぱちたん川柳SELECTION | 4/30:3.2点 ぱちたん川柳SELECTION | 5/5:9.7点 ナビ子AI予想【差枚プラス】★1 (月と重なる日) / 旧イベ(月と重なる日) / ※一部取材スケジュールの推測について / 「千葉県
270224100000005810,キコーナ松戸店,,情報はありません,4/29:12.2点 ナビ子AI予想【機種仕掛け】★2 (9のつく日) / 旧イベ(9のつく日) | 5/1:9.2点 OneSpark | 5/2:9.7点 四星(超太陽神) | 5/3:12.2点 ナビ子AI予想【機種仕掛け】★2 (3のつく日) / 旧イベ(3のつく日) / ※一部取材スケジュールの推測について / 「千葉県
270225100000269100,ガーデン松戸金ヶ作,,S / アルティメットCG調査隊 / ※『初調査』 / パーフェクトリサーチ / レポートは / ・全体差枚ランキングTOP30 / ・全体回転ランキングTOP30 / ・機種別ピックアップ / ・機種別差枚ランキング / という構成になっています / 「アルティメットCG調査隊」の信頼度は?? / 直近一年以内の全国の出玉データを分析！出玉面から取材、予想の信頼度をチェック！ / サンプル軸	確,4/28:9.7点 アルティメットCG調査隊 / ※『初調査』 / パーフェクトリサーチ / レポートは / ・全体差枚ランキングTOP30 / ・全体回転ランキングTOP30 / ・機種別ピックアップ / ・機種別差枚ランキング / という構成になっています / 「アルティメットCG調査隊」の信頼度は?? / 直近一 | 4/29:6.8点 天草極上ホール応援団来店 / JBメンバーズ・タレント来店 / PFちゅんげー調査隊来店 / よっしー社長の厳選ホール / 週刊りみっとくん | 4/30:3.1点 よっしー社長の厳選ホール / 天草ヤスヲのあるがままに / 週刊りみっとくん | 5/1:2.4点 天草ヤスヲのあるがままに / 週刊りみっとくん | 5/2:2.4点 天草ヤスヲのあるがままに / 週刊りみっとくん / 旧イベ(毎月 2日) | 5/3:5.4点 結城レン来店 / 週刊りみっとくん | 5/4:8.0点 アルティメットCG調査隊 / 天草超絶ホール応援団来店 / アツ姫来店 / 週刊りみっとくん
270225100000408800,マルキ松戸店,,情報はありません,5/5:12.0点 感激 / ナビ子AI予想【機種仕掛け】★2 (5のつく日) / 旧イベ(5のつく日) / 旧イベ(月と重なる日) / ※一部取材スケジュールの推測について / 「千葉県
270225300000017100,八柱UNO,,情報はありません,4/29:9.4点 スロトリ密着リサーチ来店取材 | 5/1:9.8点 超キノコ狩り2nd / ナビ子AI予想【機種仕掛け】★2 (1のつく日) / 旧イベ(1のつく日) | 5/3:8.9点 半撃来店取材 | 5/5:11.9点 ナビ子AI予想【差枚プラス】★1 (月と重なる日) / ※一部取材スケジュールの推測について / 「千葉県
270225300000116112,キコーナ八柱店,,情報はありません,4/29:1.5点 総力取材(百花繚乱) / 旧イベ(9のつく日) | 5/1:2.5点 OneSpark | 5/2:1.5点 SUPERスロット取材 | 5/3:0.0点 旧イベ(3のつく日) | 5/4:1.0点 超龍魂PS / ※一部取材スケジュールの推測について / 「千葉県
270226100000052310,夢屋五香店,,・ / 新台入替(P-WORLD引用),4/28:1.0点 新台入替(P-WORLD引用) / 明日: | 5/1:0.0点 旧イベ(1のつく日) / ※一部取材スケジュールの推測について / 「千葉県
270230800000008010,日の丸パチンコ本埜店,,情報はありません / ※一部取材スケジュールの推測について / 「千葉県 4/28(火)」おすすめランキングを見る / 「千葉県」取材・旧イベ一覧を見る / ここからは分析型人工知能ナビ子が、分析内容と一緒にご説明します！お気づきの点やご要望があればコメント欄にお書きください！ / 分析の基準日について / 4/28(火)を基準に分析を行っています！ / 当日の取材／独自予想 / 4/28(火)は,
271004600000000310,パラッツォ馬橋駅前店,,"C / 8のつく日 / 店舗傾向分析 パラッツォ系列 / 8の数字に関連するポスターが掲載されている模様です。 / 「8のつく日」の信頼度は?? / 直近一年以内の全国の出玉データを分析！出玉面から取材、予想の信頼度をチェック！ / サンプル軸	確認338件 / 実施448件 (75.4%) / 出玉状況	平均-108枚 上位81.6% / 稼働状況	平均3,590G 上位46.4% / 単独開催",4/28:6.5点 8のつく日 / 店舗傾向分析 パラッツォ系列 / 8の数字に関連するポスターが掲載されている模様です。 / 「8のつく日」の信頼度は?? / 直近一年以内の全国の出玉データを分析！出玉面から取材、予想の信頼度をチェック！ / サンプル軸	確認338件 / 実施448件 (75.4%) / 出玉状況	 | 4/29:6.1点 オススメ機種ローテーション風？ポスター掲載4日目 | 4/30:6.1点 オススメ機種ローテーション風？ポスター掲載5日目 | 5/1:6.1点 オススメ機種ローテーション風？ポスター掲載6日目 | 5/2:11.0点 ナビ子AI予想【機種仕掛け】★4 (2のつく日) / 2のつく日 / 天草ヤスヲのあるがままに / オススメ機種ローテーション風？ポスター掲載7日目 / 旧イベ(2のつく日) | 5/3:6.1点 大逆転 来店取材 | 5/5:12.6点 ナビ子AI予想【差枚プラス】★1 (月と重なる日) / ※一部取材スケジュールの推測について / 「千葉県
271005400000002450,パラッツォ馬橋中根長津店,,"C / 8のつく日 / 店舗傾向分析 パラッツォ系列 / 8の数字に関連するポスターが掲載されている模様です。 / 「8のつく日」の信頼度は?? / 直近一年以内の全国の出玉データを分析！出玉面から取材、予想の信頼度をチェック！ / サンプル軸	確認338件 / 実施448件 (75.4%) / 出玉状況	平均-108枚 上位81.6% / 稼働状況	平均3,590G 上位46.4% / 単独開催",4/28:6.9点 8のつく日 / 店舗傾向分析 パラッツォ系列 / 8の数字に関連するポスターが掲載されている模様です。 / 「8のつく日」の信頼度は?? / 直近一年以内の全国の出玉データを分析！出玉面から取材、予想の信頼度をチェック！ / サンプル軸	確認338件 / 実施448件 (75.4%) / 出玉状況	 | 4/29:11.7点 覇王のリアル | 4/30:9.5点 悪魔のリアル | 5/2:7.8点 ナビ子AI予想【機種仕掛け】★2 (毎週 土曜日) / 2のつく日 / よっしー社長の厳選ホール / スロフェ / アッパーガール / 調査団・廻 来店取材 / 旧イベ(2のつく日) | 5/3:5.5点 調査団・廻 来店取材 | 5/4:6.1点 モンスター取材調査員来店 / 調査団・廻 来店取材 / MONSTER | 5/5:5.5点 調査団・廻 来店取材 / ※一部取材スケジュールの推測について / 「千葉県
271006400000085720,ゴールド北松戸店,,情報はありません,5/2:4.2点 旧イベ過去状況評価 +1.0 / 旧イベ(毎週 土曜日) | 5/3:7.2点 サンスポホール取材 | 5/5:6.2点 天草ヤスヲのあるがままに / ※一部取材スケジュールの推測について / 「千葉県
271009100000001540,楽園松戸店,,情報はありません,5/2:6.8点 スロトレ調査団　ツインインパクト | 5/4:6.8点 SS・判沢くん取材 | 5/5:11.3点 ナビ子AI予想【機種仕掛け】★3 (月と重なる日) / 旧イベ(月と重なる日) / ※一部取材スケジュールの推測について / 「千葉県
271009100000002210,ユーコーラッキー松戸店,,"C / エヴァ喰種取材 / 百花繚乱 / 「エヴァ喰種取材」の信頼度は?? / 直近一年以内の全国の出玉データを分析！出玉面から取材、予想の信頼度をチェック！ / サンプル軸	確認16件 / 実施62件 (25.8%) / 出玉状況	平均-125枚 上位85.5% / 稼働状況	平均2,564G 上位77.2% / 単独開催時	平均-156枚 平均2,463G / 確認店舗数	3店舗 / 開催時影","4/28:0.0点 エヴァ喰種取材 / 百花繚乱 / 「エヴァ喰種取材」の信頼度は?? / 直近一年以内の全国の出玉データを分析！出玉面から取材、予想の信頼度をチェック！ / サンプル軸	確認16件 / 実施62件 (25.8%) / 出玉状況	平均-125枚 上位85.5% / 稼働状況	平均2,564G 上位77. | 4/29:0.0点 JUDGE MENT取材 | 4/30:0.0点 極龍魂PS取材 | 5/1:0.0点 旧イベ(1のつく日) | 5/2:0.0点 烈火 | 5/4:0.0点 旧イベ(4のつく日) / ※一部取材スケジュールの推測について / 「千葉県"
271009100000020130,ときわホール松戸,,情報はありません,4/29:5.3点 神拳覚醒 | 5/1:6.8点 半撃来店取材 | 5/2:5.8点 光華絢爛来店取材 | 5/4:7.8点 四暗刻来店取材(漢字取材編集部) / ※一部取材スケジュールの推測について / 「千葉県
271009200000128710,サントロペ松戸店,,情報はありません / ※一部取材スケジュールの推測について / 「千葉県 4/28(火)」おすすめランキングを見る / 「千葉県」取材・旧イベ一覧を見る / ここからは分析型人工知能ナビ子が、分析内容と一緒にご説明します！お気づきの点やご要望があればコメント欄にお書きください！ / 分析の基準日について / 4/28(火)を基準に分析を行っています！ / 当日の取材／独自予想 / 4/28(火)は,
272001500000328160,サンラッキー市川店,,情報はありません,5/1:5.6点 旧イベ(毎月 1日) / ※一部取材スケジュールの推測について / 「千葉県
272002100000021660,本八幡UNO,,情報はありません,5/1:15.6点 ナビ子AI予想【機種仕掛け】★5+ (1のつく日) / 超キノコ狩り2nd / 旧イベ(1のつく日) | 5/2:15.3点 ナビ子AI予想【機種仕掛け】★5+ (毎週 土曜日) | 5/5:15.2点 ナビ子AI予想【差枚プラス】★3 (月と重なる日) / ナビ子AI予想【機種仕掛け】★5+ (月と重なる日) / ※一部取材スケジュールの推測について / 「千葉県
272002100000215101,本八幡ZoRoN,,情報はありません / ※一部取材スケジュールの推測について / 「千葉県 4/28(火)」おすすめランキングを見る / 「千葉県」取材・旧イベ一覧を見る / ここからは分析型人工知能ナビ子が、分析内容と一緒にご説明します！お気づきの点やご要望があればコメント欄にお書きください！ / 分析の基準日について / 4/28(火)を基準に分析を行っています！ / 合計 0.0 / 当日の取材／独自予想 /,
272002300000041120,サンパレス本八幡,,情報はありません,5/3:8.2点 道井悠来店 / 旧イベ(3のつく日) / ※一部取材スケジュールの推測について / 「千葉県
272002300000842130,八幡メトロ,,情報はありません / ※一部取材スケジュールの推測について / 「千葉県 4/28(火)」おすすめランキングを見る / 「千葉県」取材・旧イベ一覧を見る / ここからは分析型人工知能ナビ子が、分析内容と一緒にご説明します！お気づきの点やご要望があればコメント欄にお書きください！ / 分析の基準日について / 4/28(火)を基準に分析を行っています！ / 当日の取材／独自予想 / 4/28(火)は,
272003400000001110,ニュー後楽園市川店,,"B / サンスポホール取材 / サンスポ / 「サンスポホール取材」の信頼度は?? / 直近一年以内の全国の出玉データを分析！出玉面から取材、予想の信頼度をチェック！ / サンプル軸	確認31件 / 実施91件 (34.1%) / 出玉状況	平均-32枚 上位58.2% / 稼働状況	平均4,066G 上位29.8% / 単独開催時	平均+10枚 平均3,463G / 確認店舗数	18店舗 / 開","4/28:8.4点 サンスポホール取材 / サンスポ / 「サンスポホール取材」の信頼度は?? / 直近一年以内の全国の出玉データを分析！出玉面から取材、予想の信頼度をチェック！ / サンプル軸	確認31件 / 実施91件 (34.1%) / 出玉状況	平均-32枚 上位58.2% / 稼働状況	平均4,066G 上位 | 5/5:10.8点 ナビ子AI予想【機種仕掛け】★4 / 超トレジャースロッター / 旧イベ(5のつく日) / ※一部取材スケジュールの推測について / 「千葉県"
272003400000014100,ハップス市川駅前店(HAPS),,・ / 旧イベ(8のつく日) / ※一部取材スケジュールの推測について / 「千葉県 4/28(火)」おすすめランキングを見る / 「千葉県」取材・旧イベ一覧を見る / ここからは分析型人工知能ナビ子が、分析内容と一緒にご説明します！お気づきの点やご要望があればコメント欄にお書きください！ / 分析の基準日について / 4/28(火)を基準に分析を行っています！ / 当日の取材／独自予想 / 4/,4/28:0.0点 旧イベ(8のつく日) / ※一部取材スケジュールの推測について / 「千葉県
272011500000003200,Dステーション妙典駅前店,,情報はありません,4/29:5.1点 旧イベ(9のつく日) | 5/2:10.1点 ぱちタウンタレント来店(いち花) | 5/3:5.1点 旧イベ(3のつく日) / ※一部取材スケジュールの推測について / 「千葉県
272013300000000230,MGM行徳店,,情報はありません,4/29:6.6点 SABOTEN来店取材 / ※一部取材スケジュールの推測について / 「千葉県
272013300000012510,ガイアネクスト行徳店,,情報はありません,4/29:9.3点 ナビ子AI予想【機種仕掛け】★1 (9のつく日) / 旧イベ(9のつく日) | 5/3:9.3点 ナビ子AI予想【機種仕掛け】★1 (3のつく日) / 旧イベ(3のつく日) / ※一部取材スケジュールの推測について / 「千葉県
272013300000021610,ウエスタン行徳店,,情報はありません,5/2:1.0点 みなひろ収録来店 | 5/3:2.5点 退魔師取材 | 5/4:1.5点 しんのすけの弟子ぺるぺる来店 | 5/5:0.0点 旧イベ(5のつく日) / ※一部取材スケジュールの推測について / 「千葉県
272013800000120160,マックスワン,,情報はありません / ※一部取材スケジュールの推測について / 「千葉県 4/28(火)」おすすめランキングを見る / 「千葉県」取材・旧イベ一覧を見る / ここからは分析型人工知能ナビ子が、分析内容と一緒にご説明します！お気づきの点やご要望があればコメント欄にお書きください！ / 分析の基準日について / 4/28(火)を基準に分析を行っています！ / 合計 +2.2 / 当日の取材／独自予想 ,
272014300000004880,ピーアーク南行徳NEO,,"B / スロフェ律 / よっしー社長プロデュース / 「スロフェ律」の信頼度は?? / 直近一年以内の全国の出玉データを分析！出玉面から取材、予想の信頼度をチェック！ / サンプル軸	確認34件 / 実施167件 (20.4%) / 出玉状況	平均+37枚 上位31.7% / 稼働状況	平均3,369G 上位52.7% / 単独開催時	平均+45枚 平均2,747G / 確認店舗数	9店舗 / 開","4/28:5.8点 スロフェ律 / よっしー社長プロデュース / 「スロフェ律」の信頼度は?? / 直近一年以内の全国の出玉データを分析！出玉面から取材、予想の信頼度をチェック！ / サンプル軸	確認34件 / 実施167件 (20.4%) / 出玉状況	平均+37枚 上位31.7% / 稼働状況	平均3,369G 上 | 4/29:6.5点 スロフェ律 / スロフェ輝 / とある来店取材【並行演算】 / パチフェ禅 / スロフェ錬 | 4/30:5.8点 スロフェ律 / スロフェ輝 / パチフェ禅 / スロフェ錬 | 5/1:5.3点 スロフェ律 / スロフェ輝 / パチフェ禅 / スロフェ錬 / ※一部取材スケジュールの推測について / 「千葉県"
272014300000046140,ガイアネクスト南行徳店,,情報はありません,4/29:9.2点 ナビ子AI予想【機種仕掛け】★1 (9のつく日) / 旧イベ(9のつく日) | 5/3:9.2点 ナビ子AI予想【機種仕掛け】★1 (3のつく日) / 旧イベ(3のつく日) / ※一部取材スケジュールの推測について / 「千葉県
273000100000516230,008フェリア,,情報はありません,5/3:0.0点 旧イベ(3のつく日) / ※一部取材スケジュールの推測について / 「千葉県
273000500000001310,オリンパス,,情報はありません / ※一部取材スケジュールの推測について / 「千葉県 4/28(火)」おすすめランキングを見る / 「千葉県」取材・旧イベ一覧を見る / ここからは分析型人工知能ナビ子が、分析内容と一緒にご説明します！お気づきの点やご要望があればコメント欄にお書きください！ / 分析の基準日について / 4/28(火)を基準に分析を行っています！ / 合計 0.0 / 当日の取材／独自予想 /,
273000500000016120,パラッツォ船橋店,,"A / ナビ子AI予想【機種仕掛け】★3 (8のつく日) / 直近、6ヶ月以内のデータ(サンプル数18/18)を分析した結果「比較的強い機種単位の仕掛け」がありました。 / 4/18(土) / スマスロ 北斗の拳 転生の章2 (機種単位) / ランク5 14/19台 平均+3,053枚 平均8,809G / 台別を閉じる / 台番	差枚	G数	BB	RB / 2017	-3,530枚	8,259G",4/28:12.7点 ナビ子AI予想【機種仕掛け】★3 (8のつく日) / 直近、6ヶ月以内のデータ(サンプル数18/18)を分析した結果「比較的強い機種単位の仕掛け」がありました。 | 5/1:7.9点 裏リプレイポスター掲載 | 5/2:14.4点 ナビ子AI予想【機種仕掛け】★5+ (2のつく日) / 2のつく日 / 旧イベ(2のつく日) | 5/5:7.9点 ガチャガチャ風ポスター掲出 / ※一部取材スケジュールの推測について / 「千葉県
273000500000041150,MEGA DIVAS',,情報はありません,5/5:0.0点 旧イベ(5のつく日) / ※一部取材スケジュールの推測について / 「千葉県
273000500000041200,MEGA GODDESS,,"・ / 金無垢（きんむく） / チェックマン / 「チェックマン」の信頼度は?? / サンプル軸	確認103件 / 実施411件 (25.1%) / 出玉状況	平均-14枚 上位55% / 稼働状況	平均3,394G 上位69.4% / 単独開催時	平均-104枚 平均2,646G / 確認店舗数	10店舗 / 開催時影響	平均+12枚 平均390G / この企画の傾向をGoogle検索 / 過去","4/28:1.0点 金無垢（きんむく） / チェックマン / 「チェックマン」の信頼度は?? / 「金無垢（きんむく）」はデータ不足により分析不能、暫定で「チェックマン」自体の信頼度から評価！ / サンプル軸	確認103件 / 実施411件 (25.1%) / 出玉状況	平均-14枚 上位55% / 稼働状況	平均3, | 4/29:5.1点 チェックマン / 全力取材 / TKM来店取材 | 4/30:1.0点 全力取材 | 5/5:5.0点 破天荒来店取材 / 旧イベ(5のつく日) / ※一部取材スケジュールの推測について / 「千葉県"
273000500000727270,第一プラザ船橋店,,情報はありません,4/29:7.2点 クロロ調査隊オールスターＳ | 4/30:6.2点 SS・ボムくん取材 | 5/1:7.7点 クロロ調査隊SUPERトリプルＳ | 5/3:5.2点 東京喰種インパクト来店取材12 / ※一部取材スケジュールの推測について / 「千葉県
273002200003237710,アスワンFUNABASHI,,情報はありません / ※一部取材スケジュールの推測について / 「千葉県 4/28(火)」おすすめランキングを見る / 「千葉県」取材・旧イベ一覧を見る / ここからは分析型人工知能ナビ子が、分析内容と一緒にご説明します！お気づきの点やご要望があればコメント欄にお書きください！ / 分析の基準日について / 4/28(火)を基準に分析を行っています！ / 当日の取材／独自予想 / 4/28(火)は,
273002500000060110,西船スターダスト,,情報はありません,4/29:10.1点 クロロ調査隊チームS/P / ※一部取材スケジュールの推測について / 「千葉県
273003300000046510,ガイア西船橋店,,情報はありません,4/29:7.6点 クロロ調査隊SUPERトリプルＳ / ナビ子AI予想【機種仕掛け】★2 (9のつく日) / 旧イベ(9のつく日) | 5/3:10.6点 ナビ子AI予想【機種仕掛け】★3 (毎週 日曜日) / SS・蓮くん取材 / 旧イベ(3のつく日) / ※一部取材スケジュールの推測について / 「千葉県
273003500000007960,ミラージュ,,情報はありません / ※一部取材スケジュールの推測について / 「千葉県 4/28(火)」おすすめランキングを見る / 「千葉県」取材・旧イベ一覧を見る / ここからは分析型人工知能ナビ子が、分析内容と一緒にご説明します！お気づきの点やご要望があればコメント欄にお書きください！ / 分析の基準日について / 4/28(火)を基準に分析を行っています！ / 当日の取材／独自予想 / 4/28(火)は,
273004700000049281,ガイア藤原スロット館,,・ / 新台入替(P-WORLD引用),4/28:4.7点 新台入替(P-WORLD引用) / 明日: | 5/3:4.2点 旧イベ過去状況評価 +0.5 / 旧イベ(3のつく日) / ※一部取材スケジュールの推測について / 「千葉県
273004700000318210,ウィンベル・カザン,,情報はありません,5/3:1.8点 旧イベ(3のつく日) / ※一部取材スケジュールの推測について / 「千葉県
273010700000011110,メガサイバーパチンコ新鎌ヶ谷店,,"C / MEGAレポ / セブンラッシュ / 「MEGAレポ」の信頼度は?? / 直近一年以内の全国の出玉データを分析！出玉面から取材、予想の信頼度をチェック！ / サンプル軸	確認12件 / 実施16件 (75%) / 出玉状況	平均-120枚 上位85.5% / 稼働状況	平均2,897G 上位67.9% / 単独開催時	平均-117枚 平均3,040G / 確認店舗数	3店舗 / 開催時影響","4/28:7.5点 MEGAレポ / セブンラッシュ / 「MEGAレポ」の信頼度は?? / 直近一年以内の全国の出玉データを分析！出玉面から取材、予想の信頼度をチェック！ / サンプル軸	確認12件 / 実施16件 (75%) / 出玉状況	平均-120枚 上位85.5% / 稼働状況	平均2,897G 上位67.9 | 4/29:8.1点 セブンラッシュリサーチ / SEVEN THE TARGET / サザンレボリューション | 4/30:7.9点 セブンラッシュリサーチ / SEVEN THE TARGET | 5/1:7.9点 セブンラッシュリサーチ / SEVEN THE TARGET | 5/2:7.9点 セブンラッシュリサーチ / SEVEN THE TARGET | 5/3:7.9点 セブンラッシュリサーチ / SEVEN THE TARGET | 5/4:7.9点 セブンラッシュリサーチ / SEVEN THE TARGET"
273011500000058270,フラミンゴ鎌ヶ谷店,,情報はありません,4/30:6.0点 旧イベ過去状況評価 +1.5 / 旧イベ(0のつく日) | 5/3:6.0点 旧イベ過去状況評価 +1.5 / 旧イベ(3のつく日) / ※一部取材スケジュールの推測について / 「千葉県
273011500000064820,ハップス鎌ケ谷南店(HAPS),,情報はありません / ※一部取材スケジュールの推測について / 「千葉県 4/28(火)」おすすめランキングを見る / 「千葉県」取材・旧イベ一覧を見る / SNS、ネットの噂 / 「継続」が強調されたLINEの画像は据え置きがあるって示唆らしいぞ / 1	0 / 4年前 / ここからは分析型人工知能ナビ子が、分析内容と一緒にご説明します！お気づきの点やご要望があればコメント欄にお書きください！ ,
273086100000056350,アスワンQP,,情報はありません / ※一部取材スケジュールの推測について / 「千葉県 4/28(火)」おすすめランキングを見る / 「千葉県」取材・旧イベ一覧を見る / ここからは分析型人工知能ナビ子が、分析内容と一緒にご説明します！お気づきの点やご要望があればコメント欄にお書きください！ / 分析の基準日について / 4/28(火)を基準に分析を行っています！ / 当日の取材／独自予想 / 4/28(火)は,
274006100000084610,ニューシグナル,,・ / 新台入替(P-WORLD引用),4/28:1.0点 新台入替(P-WORLD引用) / 明日: | 4/29:0.0点 旧イベ(9のつく日) / ※一部取材スケジュールの推測について / 「千葉県
274006300000026170,遊技座,,情報はありません / ※一部取材スケジュールの推測について / 「千葉県 4/28(火)」おすすめランキングを見る / 「千葉県」取材・旧イベ一覧を見る / ここからは分析型人工知能ナビ子が、分析内容と一緒にご説明します！お気づきの点やご要望があればコメント欄にお書きください！ / 分析の基準日について / 4/28(火)を基準に分析を行っています！ / 当日の取材／独自予想 / 4/28(火)は,
274006300000026171,スロット遊技座,,情報はありません / ※一部取材スケジュールの推測について / 「千葉県 4/28(火)」おすすめランキングを見る / 「千葉県」取材・旧イベ一覧を見る / ここからは分析型人工知能ナビ子が、分析内容と一緒にご説明します！お気づきの点やご要望があればコメント欄にお書きください！ / 分析の基準日について / 4/28(火)を基準に分析を行っています！ / 当日の取材／独自予想 / 4/28(火)は,
274006300000085910,トワーズ船橋店,,情報はありません,5/5:3.0点 道化師取材 / ※一部取材スケジュールの推測について / 「千葉県
274007100000004720,ミリオン習志野店,,・ / 新台入替(P-WORLD引用),4/28:6.0点 新台入替(P-WORLD引用) / 明日: | 5/3:7.5点 旧イベ過去状況評価 +2.5 / 旧イベ(3のつく日) / ※一部取材スケジュールの推測について / 「千葉県
274080400000034220,ハップス三咲店(HAPS),,情報はありません,5/2:0.0点 旧イベ(毎月 第1土曜日) | 5/5:0.0点 旧イベ(毎月 5日) / ※一部取材スケジュールの推測について / 「千葉県
274080600000626271,パシオン二和向台店,,・ / 旧イベ(8のつく日) / ※一部取材スケジュールの推測について / 「千葉県 4/28(火)」おすすめランキングを見る / 「千葉県」取材・旧イベ一覧を見る / ここからは分析型人工知能ナビ子が、分析内容と一緒にご説明します！お気づきの点やご要望があればコメント欄にお書きください！ / 分析の基準日について / 4/28(火)を基準に分析を行っています！ / 当日の取材／独自予想 / 4/,4/28:0.0点 旧イベ(8のつく日) / ※一部取材スケジュールの推測について / 「千葉県
275000100000074100,ビックマーチ東習志野店,,情報はありません,5/1:15.1点 ヒカルの一致団結（スロミュー×ヒカル） / ※一部取材スケジュールの推測について / 「千葉県
275001100000012750,パーラー会津屋,,・ / 旧イベ(毎月 28日) / ※一部取材スケジュールの推測について / 「千葉県 4/28(火)」おすすめランキングを見る / 「千葉県」取材・旧イベ一覧を見る / ここからは分析型人工知能ナビ子が、分析内容と一緒にご説明します！お気づきの点やご要望があればコメント欄にお書きください！ / 分析の基準日について / 4/28(火)を基準に分析を行っています！ / 当日の取材／独自予想 / 4,4/28:0.0点 旧イベ(毎月 28日) / ※一部取材スケジュールの推測について / 「千葉県
275001600000001210,PIA津田沼,,情報はありません,4/29:9.2点 クロロ調査隊チームS | 5/5:14.1点 ナビ子AI予想【機種仕掛け】★5 / ナビ子AI独自予想 N +4.5 / ※一部取材スケジュールの推測について / 「千葉県
275001600000012130,ニュー後楽園,,情報はありません,5/5:1.5点 旧イベ(5のつく日) / 旧イベ(月と重なる日) / ※一部取材スケジュールの推測について / 「千葉県
275001600000111210,ニュークラウン津田沼店,,情報はありません / ※一部取材スケジュールの推測について / 「千葉県 4/28(火)」おすすめランキングを見る / 「千葉県」取材・旧イベ一覧を見る / ここからは分析型人工知能ナビ子が、分析内容と一緒にご説明します！お気づきの点やご要望があればコメント欄にお書きください！ / 分析の基準日について / 4/28(火)を基準に分析を行っています！ / 当日の取材／独自予想 / 4/28(火)は,
275002600000007830,VZONE津田沼店,,情報はありません / ※一部取材スケジュールの推測について / 「千葉県 4/28(火)」おすすめランキングを見る / 「千葉県」取材・旧イベ一覧を見る / ここからは分析型人工知能ナビ子が、分析内容と一緒にご説明します！お気づきの点やご要望があればコメント欄にお書きください！ / 分析の基準日について / 4/28(火)を基準に分析を行っています！ / 当日の取材／独自予想 / 4/28(火)は,
276002200000150530,マルハン八千代東店,,・ / 新台入替(P-WORLD引用),4/28:4.8点 新台入替(P-WORLD引用) / 明日: | 4/29:8.8点 すろぱちガール来店P | 5/1:8.8点 すろぱちガール来店P | 5/2:5.8点 パチ姫来店 / ※一部取材スケジュールの推測について / 「千葉県
276002300000001720,コンサートホール勝田台,,情報はありません / ※一部取材スケジュールの推測について / 「千葉県 4/28(火)」おすすめランキングを見る / 「千葉県」取材・旧イベ一覧を見る / ここからは分析型人工知能ナビ子が、分析内容と一緒にご説明します！お気づきの点やご要望があればコメント欄にお書きください！ / 分析の基準日について / 4/28(火)を基準に分析を行っています！ / 合計 +3.8 / 当日の取材／独自予想 ,
276003100000001112,VZONE八千代台店,,情報はありません / ※一部取材スケジュールの推測について / 「千葉県 4/28(火)」おすすめランキングを見る / 「千葉県」取材・旧イベ一覧を見る / ここからは分析型人工知能ナビ子が、分析内容と一緒にご説明します！お気づきの点やご要望があればコメント欄にお書きください！ / 分析の基準日について / 4/28(火)を基準に分析を行っています！ / 当日の取材／独自予想 / 4/28(火)は,
276004600000013310,トワーズ八千代店,,・ / 新台入替(P-WORLD引用),4/28:1.0点 新台入替(P-WORLD引用) / 明日: | 4/29:2.0点 神龍降臨 | 5/2:3.0点 道化師取材 / ※一部取材スケジュールの推測について / 「千葉県
276004700000185110,マルハンメガシティ八千代緑が丘,,"A / 超SEVENRUSH / セブンラッシュ / 「超SEVENRUSH」の信頼度は?? / 直近一年以内の全国の出玉データを分析！出玉面から取材、予想の信頼度をチェック！ / サンプル軸	確認77件 / 実施111件 (69.4%) / 出玉状況	平均+17枚 上位37.2% / 稼働状況	平均3,556G 上位46.4% / 単独開催時	平均-35枚 平均3,167G / 確認店舗数	21","4/28:11.8点 超SEVENRUSH / セブンラッシュ / 「超SEVENRUSH」の信頼度は?? / 直近一年以内の全国の出玉データを分析！出玉面から取材、予想の信頼度をチェック！ / サンプル軸	確認77件 / 実施111件 (69.4%) / 出玉状況	平均+17枚 上位37.2% / 稼働状況	平均3,5 | 4/29:13.3点 覇王のリアル / アナスロ調査班来店 | 5/2:11.3点 真骨超 | 5/3:7.1点 皇帝のリアル | 5/4:7.0点 アルテミス来店(神の子来店ホール調査) / ミカエル来店(神の子来店ホール調査) / ※一部取材スケジュールの推測について / 「千葉県"
277000500000001310,楽園柏店,,情報はありません,4/29:8.6点 満漢全席 | 5/1:8.6点 スロトレ調査団　タイガーダッシュ | 5/2:10.6点 アツ姫来店 | 5/3:10.6点 ヒラヤマン来店 | 5/4:10.6点 アツ姫来店 | 5/5:13.7点 四星(ブラックホール) / ナビ子AI予想【機種仕掛け】★3 (月と重なる日) / 旧イベ(月と重なる日) / ※一部取材スケジュールの推測について / 「千葉県
277000500000123110,PIA柏店,,A / 極上取材(まぐろくん) / まぐろくん / 開催されると毎回しっかりとレポートされます。開催店舗の規模にもよりますが平均14箇所程度、スロットコーナーからピックアップが紹介されます / この企画の傾向をGoogle検索 / 過去レポをGoogle検索,4/28:11.8点 極上取材(まぐろくん) / まぐろくん / 開催されると毎回しっかりとレポートされます。開催店舗の規模にもよりますが平均14箇所程度、スロットコーナーからピックアップが紹介されます / この企画の傾向をGoogle検索 / 過去レポをGoogle検索 / 明日: | 4/29:8.1点 SS・蓮くん取材 | 4/30:8.1点 SS・蓮くん取材 | 5/2:9.6点 スロミュー七福神（調査隊来店） | 5/3:8.1点 SS・蓮くん取材 | 5/5:10.5点 PFちゅんげー調査隊来店 / ナビ子AI予想【機種仕掛け】★1 (月と重なる日) / 旧イベ(月と重なる日) / ※一部取材スケジュールの推測について / 「千葉県
277005300000075320,エクス・アリーナ柏,,S / スロパチガール来店S / スロパチステーション / 平均稼働が1000G近く上がる、ユーザーの期待度が非常に高い取材です。開催店舗の規模にもよりますが平均10箇所程度、スロットコーナーからピックアップが紹介されます / 「スロパチガール来店S」の信頼度は?? / 直近一年以内の全国の出玉データを分析！出玉面から取材、予想の信頼度をチェック！ / サンプル軸	確認1489件 / 実施5313,4/28:15.7点 スロパチガール来店S / スロパチステーション / 平均稼働が1000G近く上がる、ユーザーの期待度が非常に高い取材です。開催店舗の規模にもよりますが平均10箇所程度、スロットコーナーからピックアップが紹介されます / 「スロパチガール来店S」の信頼度は?? / 直近一年以内の全国の出玉データを分析 | 4/29:17.3点 心を燃やせ / スロパチステーション来店取材(紫) / アナスロ予測(金) | 4/30:15.6点 スロパチステーション来店取材(青) / スロパチステーション来店取材(黒) / 旧イベ(0のつく日) | 5/1:16.2点 スロパチステーション来店取材(オレンジ) | 5/2:15.7点 スロパチステーション来店取材(青) | 5/3:15.7点 スロパチステーション来店取材(青) | 5/4:15.7点 スロパチステーション来店取材(青)
277083500000043510,マルキン松ヶ崎店,,情報はありません / ※一部取材スケジュールの推測について / 「千葉県 4/28(火)」おすすめランキングを見る / 「千葉県」取材・旧イベ一覧を見る / ここからは分析型人工知能ナビ子が、分析内容と一緒にご説明します！お気づきの点やご要望があればコメント欄にお書きください！ / 分析の基準日について / 4/28(火)を基準に分析を行っています！ / 当日の取材／独自予想 / 4/28(火)は,
277084200000000420,マルキンかしわ店,,情報はありません / ※一部取材スケジュールの推測について / 「千葉県 4/28(火)」おすすめランキングを見る / 「千葉県」取材・旧イベ一覧を見る / ここからは分析型人工知能ナビ子が、分析内容と一緒にご説明します！お気づきの点やご要望があればコメント欄にお書きください！ / 分析の基準日について / 4/28(火)を基準に分析を行っています！ / 当日の取材／独自予想 / 4/28(火)は,
277084200000007190,ジュラク柏店,,"B / ナビ子AI予想【機種仕掛け】★2 (8のつく日) / 直近、6ヶ月以内のデータ(サンプル数18/18)を分析した結果「チラホラと仕掛けアリっぽい機種」がありました。 / 4/8(水) / スマスロ 甲鉄城のカバネリ 海門決戦 (機種単位) / ランク5 5/5台 平均+4,489枚 平均6,288G / 台別を閉じる / 台番	差枚	G数	BB	RB / 347	+1,771枚	7,038",4/28:9.7点 ナビ子AI予想【機種仕掛け】★2 (8のつく日) / 直近、6ヶ月以内のデータ(サンプル数18/18)を分析した結果「チラホラと仕掛けアリっぽい機種」がありました。 | 4/29:8.2点 黒咲ハル来店 | 5/1:11.5点 ヒカルの一致団結（スロミュー×ヒカル） | 5/2:10.2点 タレント・ライター | 5/5:11.1点 ナビ子AI予想【差枚プラス】★1 (月と重なる日) / 小鳥遊なつな来店 / ※一部取材スケジュールの推測について / 「千葉県
277085500000001610,南柏UNO,,"C / 半撃来店取材 / SPリサーチ / 「半撃来店取材」の信頼度は?? / 直近一年以内の全国の出玉データを分析！出玉面から取材、予想の信頼度をチェック！ / サンプル軸	確認450件 / 実施674件 (66.8%) / 出玉状況	平均-40枚 上位58.2% / 稼働状況	平均3,563G 上位46.4% / 単独開催時	平均-37枚 平均3,550G / 確認店舗数	53店舗 / 開催時","4/28:7.9点 半撃来店取材 / SPリサーチ / 「半撃来店取材」の信頼度は?? / 直近一年以内の全国の出玉データを分析！出玉面から取材、予想の信頼度をチェック！ / サンプル軸	確認450件 / 実施674件 (66.8%) / 出玉状況	平均-40枚 上位58.2% / 稼働状況	平均3,563G 上位46 | 4/29:8.4点 裏半撃来店取材 | 4/30:7.9点 スロ姫来店 | 5/1:11.0点 ナビ子AI予想【機種仕掛け】★3 (1のつく日) / 超キノコ狩り2nd / 旧イベ(1のつく日) | 5/2:8.9点 HIGHBOON | 5/3:6.4点 神拳覚醒 | 5/4:8.9点 四賢者 / ※一部取材スケジュールの推測について / 「千葉県"
277086300000034180,一番舘柏店,,情報はありません,5/1:14.3点 スロパチガール来店S / 旧イベ(1のつく日) / ※一部取材スケジュールの推測について / 「千葉県
277087100000035881,キコーナ柏店,,情報はありません,4/29:7.9点 周年日 ★×0 / MYME来店 / 旧イベ(9のつく日) | 5/1:5.0点 OneSpark | 5/3:0.0点 旧イベ(3のつく日) | 5/5:5.0点 ジャグラー取材 / ※一部取材スケジュールの推測について / 「千葉県
277087200000024010,やすだ柏店,,"・ / やすだオリジナル SAMMY取材 / パチ7 / 「やすだオリジナル SAMMY取材」の信頼度は?? / 直近一年以内の全国の出玉データを分析！出玉面から取材、予想の信頼度をチェック！ / サンプル軸	確認10件 / 実施11件 (90.9%) / 出玉状況	平均-249枚 上位98.4% / 稼働状況	平均4,416G 上位21.1% / 単独開催時	平均-231枚 平均4,212G /",4/28:7.3点 やすだオリジナル SAMMY取材 / パチ7 / 「やすだオリジナル SAMMY取材」の信頼度は?? / 直近一年以内の全国の出玉データを分析！出玉面から取材、予想の信頼度をチェック！ / サンプル軸	確認10件 / 実施11件 (90.9%) / 出玉状況	平均-249枚 上位98.4% / 稼働 | 4/29:11.7点 ぱちタウンエンジェルス / 燃える魂レッド取材 | 4/30:7.3点 YASUDAリポート | 5/1:12.7点 始まりノ刻 / ナビ子AI予想【機種仕掛け】★4 (1のつく日) / ナビ子AI独自予想 N +4.5 / ブラック独占取材 | 5/2:11.3点 タレント・ライター | 5/3:11.3点 燃える魂レッド取材 | 5/5:14.4点 ナビ子AI予想【機種仕掛け】★5 (月と重なる日) / ヒカルの一致団結（スロミュー×ヒカル） / 双乱ノ刻 / ナビ子AI独自予想 N +4.5 / ※一部取材スケジュールの推測について / 「千葉県
277087200000249860,マルハンメガシティ柏店,,"・ / キャッチザオール / DMMぱちタウン / レポートはスロットから機種単位で優秀機種を紹介しています / 「キャッチザオール」の信頼度は?? / 直近一年以内の全国の出玉データを分析！出玉面から取材、予想の信頼度をチェック！ / サンプル軸	確認243件 / 実施246件 (98.8%) / 出玉状況	平均-78枚 上位77.5% / 稼働状況	平均3,399G 上位52.7% / 単独開",4/28:8.7点 キャッチザオール / DMMぱちタウン / レポートはスロットから機種単位で優秀機種を紹介しています / 「キャッチザオール」の信頼度は?? / 直近一年以内の全国の出玉データを分析！出玉面から取材、予想の信頼度をチェック！ / サンプル軸	確認243件 / 実施246件 (98.8%) / 出玉状 | 4/29:8.7点 四星(水星神) | 4/30:8.7点 ライジングマン来店(S) | 5/1:15.4点 ナビ子AI予想【機種仕掛け】★5 (1のつく日) / ゆうちゃろ来店 | 5/2:15.4点 ナビ子AI予想【機種仕掛け】★5 (毎週 土曜日) / 全集中NYANJA取材 | 5/3:8.7点 四星(水星神) | 5/4:8.7点 トリスタマン来店(S) / ※一部取材スケジュールの推測について / 「千葉県
277091300000013450,VZONE柏店,,情報はありません / ※一部取材スケジュールの推測について / 「千葉県 4/28(火)」おすすめランキングを見る / 「千葉県」取材・旧イベ一覧を見る / ここからは分析型人工知能ナビ子が、分析内容と一緒にご説明します！お気づきの点やご要望があればコメント欄にお書きください！ / 分析の基準日について / 4/28(火)を基準に分析を行っています！ / 当日の取材／独自予想 / 4/28(火)は,
277094100000081510,ニューヤマト,,情報はありません / ※一部取材スケジュールの推測について / 「千葉県 4/28(火)」おすすめランキングを見る / 「千葉県」取材・旧イベ一覧を見る / ここからは分析型人工知能ナビ子が、分析内容と一緒にご説明します！お気づきの点やご要望があればコメント欄にお書きください！ / 分析の基準日について / 4/28(火)を基準に分析を行っています！ / 当日の取材／独自予想 / 4/28(火)は,
278001300000198340,アムディ野田,,"・ / 東京レポート来店取材 / スロノトリガー / 「東京レポート来店取材」の信頼度は?? / 直近一年以内の全国の出玉データを分析！出玉面から取材、予想の信頼度をチェック！ / サンプル軸	確認7件 / 実施10件 (70%) / 出玉状況	平均-60枚 上位71.4% / 稼働状況	平均1,463G 上位95.2% / 単独開催時	平均-81枚 平均1,549G / 確認店舗数	2店舗 / ","4/28:5.2点 東京レポート来店取材 / スロノトリガー / 「東京レポート来店取材」の信頼度は?? / 直近一年以内の全国の出玉データを分析！出玉面から取材、予想の信頼度をチェック！ / サンプル軸	確認7件 / 実施10件 (70%) / 出玉状況	平均-60枚 上位71.4% / 稼働状況	平均1,463G  | 4/30:6.7点 トライデントカテゴリー来店取材 | 5/1:6.2点 ジャンバリマンシール入荷 | 5/2:6.2点 ドレスロ | 5/4:5.7点 ジャンバリマンシール入荷 | 5/5:5.7点 ＄箱殲滅大作戦2来店取材 / ※一部取材スケジュールの推測について / 「千葉県"
278002200000191340,宇宙センター梅郷店,,情報はありません,5/5:0.0点 旧イベ(5のつく日) / ※一部取材スケジュールの推測について / 「千葉県
278003500000008151,ＳＡＰ野田,,情報はありません,4/29:13.9点 SAP取材 / サプ掘り取材 / サンスポ特別取材 / ※一部取材スケジュールの推測について / 「千葉県
278004100000035930,ハリウッド野田,,A / でちゃう！取材（金） / でちゃう！ / でちゃう定番の取材。レポートは色々な紹介パターンがありますが、 / ①編集部注目機種として機種単位に3-4機種紹介 / ②単品ピックアップとして差枚数2000枚以上の単品での紹介 / といったパターンが多いです / 「でちゃう！取材（金）」の信頼度は?? / 直近一年以内の全国の出玉データを分析！出玉面から取材、予想の信頼度をチェック！ / サンプ,4/28:9.6点 でちゃう！取材（金） / でちゃう！ / でちゃう定番の取材。レポートは色々な紹介パターンがありますが、 / ①編集部注目機種として機種単位に3-4機種紹介 / ②単品ピックアップとして差枚数2000枚以上の単品での紹介 / といったパターンが多いです / 「でちゃう！取材（金）」の信頼度は?? / | 4/30:6.4点 販売会 / ※一部取材スケジュールの推測について / 「千葉県
278005100000003581,ハリウッド七光台,,情報はありません,4/30:7.0点 販売会 / ※一部取材スケジュールの推測について / 「千葉県
279000200000042920,夢屋浦安店,,情報はありません,4/29:2.0点 QUEENofYUMEYA / 旧イベ(9のつく日) | 4/30:3.0点 究極総力徹底取材 | 5/1:2.5点 究極総力徹底取材 | 5/2:2.5点 究極総力徹底取材 / ※一部取材スケジュールの推測について / 「千葉県
279000200000113130,ウエスタン浦安駅前店,,・ / 新台入替(P-WORLD引用),4/28:1.0点 新台入替(P-WORLD引用) / 明日: | 4/29:2.9点 5つの絆取材 / みなひろ収録来店 | 5/1:0.0点 旧イベ(1のつく日) / ※一部取材スケジュールの推測について / 「千葉県
279000200000117170,Parlor21,,情報はありません / ※一部取材スケジュールの推測について / 「千葉県 4/28(火)」おすすめランキングを見る / 「千葉県」取材・旧イベ一覧を見る / ここからは分析型人工知能ナビ子が、分析内容と一緒にご説明します！お気づきの点やご要望があればコメント欄にお書きください！ / 分析の基準日について / 4/28(火)を基準に分析を行っています！ / 当日の取材／独自予想 / 4/28(火)は,
279000400000047150,プリンス浦安,,情報はありません / ※一部取材スケジュールの推測について / 「千葉県 4/28(火)」おすすめランキングを見る / 「千葉県」取材・旧イベ一覧を見る / ここからは分析型人工知能ナビ子が、分析内容と一緒にご説明します！お気づきの点やご要望があればコメント欄にお書きください！ / 分析の基準日について / 4/28(火)を基準に分析を行っています！ / 合計 +3.0 / 当日の取材／独自予想 ,
279000400000214220,パチンコウエスタン浦安やなぎ通り店,,・ / 新台入替(P-WORLD引用),4/28:1.0点 新台入替(P-WORLD引用) / 明日: | 4/29:2.9点 5つの絆取材 / ぺるぺる来店収録取材 | 5/1:4.6点 必勝本ライター来店情報 / 頂チャンネル / 銭バカ収録 / 旧イベ(1のつく日) / ※一部取材スケジュールの推測について / 「千葉県
283000300000009380,ヴィーナス東金店,,情報はありません,4/29:2.5点 ドリルスロット | 5/1:2.5点 REAL取材 / 旧イベ(1のつく日) | 5/2:3.0点 ULTIMATE SLOT | 5/5:2.5点 クロロ調査隊チームS / ※一部取材スケジュールの推測について / 「千葉県
283000500000133350,パールショップともえ東金SideⅡ,,情報はありません,4/29:0.0点 旧イベ(9のつく日) / ※一部取材スケジュールの推測について / 「千葉県
283003100000055411,P.MAX東金店,,情報はありません / ※一部取材スケジュールの推測について / 「千葉県 4/28(火)」おすすめランキングを見る / 「千葉県」取材・旧イベ一覧を見る / ここからは分析型人工知能ナビ子が、分析内容と一緒にご説明します！お気づきの点やご要望があればコメント欄にお書きください！ / 分析の基準日について / 4/28(火)を基準に分析を行っています！ / 当日の取材／独自予想 / 4/28(火)は,
283006500000007371,スーパーDステーション東金店,,情報はありません / ※一部取材スケジュールの推測について / 「千葉県 4/28(火)」おすすめランキングを見る / 「千葉県」取材・旧イベ一覧を見る / ここからは分析型人工知能ナビ子が、分析内容と一緒にご説明します！お気づきの点やご要望があればコメント欄にお書きください！ / 分析の基準日について / 4/28(火)を基準に分析を行っています！ / 合計 +7.7 / 当日の取材／独自予想 ,
283081200000010210,ダイナム東金店,,情報はありません / ※一部取材スケジュールの推測について / 「千葉県 4/28(火)」おすすめランキングを見る / 「千葉県」取材・旧イベ一覧を見る / ここからは分析型人工知能ナビ子が、分析内容と一緒にご説明します！お気づきの点やご要望があればコメント欄にお書きください！ / 分析の基準日について / 4/28(火)を基準に分析を行っています！ / 当日の取材／独自予想 / 4/28(火)は,
283082300000115510,SPAO7,,"・ / 縁結び取材 / 縁結び / 「縁結び」の信頼度は?? / サンプル軸	確認111件 / 実施390件 (28.5%) / 出玉状況	平均-79枚 上位80.6% / 稼働状況	平均3,775G 上位50.9% / 単独開催時	平均-101枚 平均3,317G / 確認店舗数	46店舗 / 開催時影響	平均-25枚 平均333G / この企画の傾向をGoogle検索 / 過去レポをGoogl","4/28:2.0点 縁結び取材 / 縁結び / 「縁結び」の信頼度は?? / 「縁結び取材」はデータ不足により分析不能、暫定で「縁結び」自体の信頼度から評価！ / サンプル軸	確認111件 / 実施390件 (28.5%) / 出玉状況	平均-79枚 上位80.6% / 稼働状況	平均3,775G 上位50.9% /  | 4/29:2.9点 クレイジー / 縁結び取材 | 4/30:3.5点 S-premium | 5/1:0.0点 旧イベ(毎月 1日) | 5/5:3.5点 キラリ来店(縁結び) / ※一部取材スケジュールの推測について / 「千葉県"
284000100004292220,キコーナ四街道店,,A / 周年日 ★×0 / ホールナビによる独自分析！ / ～キコーナ四街道店の周年日を分析～ / 過去データは無いですが、周年を意識してそうな情報があるので、一定の期待はできるかも！ / ・過去データ無し / ・今年意識してる / →★×0 / 「周年日 ★×0」の信頼度は?? / 直近一年以内の全国の出玉データを分析！出玉面から取材、予想の信頼度をチェック！ / サンプル軸	確認155件 / ,4/28:7.0点 周年日 ★×0 / ホールナビによる独自分析！ / ～キコーナ四街道店の周年日を分析～ / 過去データは無いですが、周年を意識してそうな情報があるので、一定の期待はできるかも！ / ・過去データ無し / ・今年意識してる / →★×0 / 「周年日 ★×0」の信頼度は?? / 直近一年以内の全国の出 | 4/29:0.5点 旧イベ(9のつく日) | 5/1:3.0点 OneSpark | 5/3:0.5点 旧イベ(3のつく日) | 5/4:4.0点 サンスポホール取材 / ※一部取材スケジュールの推測について / 「千葉県
284003400000032811,アビバ四街道店,,情報はありません,4/29:6.3点 スロトレ調査団　チョイス | 5/1:10.6点 ナビ子AI予想【機種仕掛け】★3 (1のつく日) / ナビ子AI独自予想 N +4.5 / スロトレ調査団　アルマゲドン | 5/2:10.5点 真骨超 / ※一部取材スケジュールの推測について / 「千葉県
284004200000012440,ダイナム四街道店,,情報はありません,4/29:6.0点 スロセレ / ※一部取材スケジュールの推測について / 「千葉県
285001400000001540,ウエスタン佐倉店,,情報はありません,5/1:0.0点 旧イベ(毎月 1日) | 5/2:2.0点 しんのすけの弟子ぺるぺる来店 | 5/5:0.0点 旧イベ(5のつく日) / ※一部取材スケジュールの推測について / 「千葉県
285081200000016760,Dステーション佐倉,,・ / 新台入替(P-WORLD引用),4/28:8.1点 新台入替(P-WORLD引用) / 明日: | 4/29:7.1点 旧イベ(9のつく日) | 5/3:7.1点 旧イベ(3のつく日) / ※一部取材スケジュールの推測について / 「千葉県
285084600001663160,パラッツォ志津店,,"C / 四神青龍 / ※『3体青龍×5』 / 四神 / 「四神青龍」の信頼度は?? / 直近一年以内の全国の出玉データを分析！出玉面から取材、予想の信頼度をチェック！ / サンプル軸	確認81件 / 実施146件 (55.5%) / 出玉状況	平均-89枚 上位77.5% / 稼働状況	平均2,550G 上位77.2% / 単独開催時	平均-30枚 平均2,599G / 確認店舗数	4店舗 / 開","4/28:5.3点 四神青龍 / ※『3体青龍×5』 / 四神 / 「四神青龍」の信頼度は?? / 直近一年以内の全国の出玉データを分析！出玉面から取材、予想の信頼度をチェック！ / サンプル軸	確認81件 / 実施146件 (55.5%) / 出玉状況	平均-89枚 上位77.5% / 稼働状況	平均2,550G 上 | 4/29:5.0点 半鬼の太鼓 | 4/30:5.0点 SS・蓮くん取材 | 5/1:5.0点 天草ヤスヲのあるがままに | 5/2:6.0点 ナビ子AI予想【機種仕掛け】★2 (毎週 土曜日) / 2のつく日 / 四神青龍 / 四神P朱雀 / 四神朱雀 / 四神玄武 / 四神白虎 / 旧イベ(2のつく日) | 5/3:5.0点 SS・CUBEくん取材 / SS・判沢くん取材 / ※一部取材スケジュールの推測について / 「千葉県"
285085800000003211,ブイゾーンユーカリが丘店,,情報はありません / ※一部取材スケジュールの推測について / 「千葉県 4/28(火)」おすすめランキングを見る / 「千葉県」取材・旧イベ一覧を見る / ここからは分析型人工知能ナビ子が、分析内容と一緒にご説明します！お気づきの点やご要望があればコメント欄にお書きください！ / 分析の基準日について / 4/28(火)を基準に分析を行っています！ / 当日の取材／独自予想 / 4/28(火)は,
286002900000000801,ともえウイング土屋店,,情報はありません / ※一部取材スケジュールの推測について / 「千葉県 4/28(火)」おすすめランキングを見る / 「千葉県」取材・旧イベ一覧を見る / ここからは分析型人工知能ナビ子が、分析内容と一緒にご説明します！お気づきの点やご要望があればコメント欄にお書きください！ / 分析の基準日について / 4/28(火)を基準に分析を行っています！ / 合計 +2.5 / 当日の取材／独自予想 ,
286002900000001960,MGM成田店,,情報はありません,5/3:8.0点 リルスロ来店 / ※一部取材スケジュールの推測について / 「千葉県
286003300000079310,パールショップともえ成田969,,情報はありません,4/29:6.4点 旧イベ(9のつく日) / ※一部取材スケジュールの推測について / 「千葉県
286004600000001591,サンラッキー成田店,,情報はありません,5/1:2.3点 旧イベ(1のつく日) / ※一部取材スケジュールの推測について / 「千葉県
286021100000007810,パールショップともえ7GET葉山店,,情報はありません / ※一部取材スケジュールの推測について / 「千葉県 4/28(火)」おすすめランキングを見る / 「千葉県」取材・旧イベ一覧を見る / ここからは分析型人工知能ナビ子が、分析内容と一緒にご説明します！お気づきの点やご要望があればコメント欄にお書きください！ / 分析の基準日について / 4/28(火)を基準に分析を行っています！ / 合計 +3.3 / 当日の取材／独自予想 ,
286022100000057210,パチンコN-1冨里インター店,,情報はありません,5/1:0.0点 旧イベ(1のつく日) | 5/5:0.0点 旧イベ(5のつく日) / ※一部取材スケジュールの推測について / 「千葉県
286022100000100420,夢屋富里店,,情報はありません / ※一部取材スケジュールの推測について / 「千葉県 4/28(火)」おすすめランキングを見る / 「千葉県」取材・旧イベ一覧を見る / ここからは分析型人工知能ナビ子が、分析内容と一緒にご説明します！お気づきの点やご要望があればコメント欄にお書きください！ / 分析の基準日について / 4/28(火)を基準に分析を行っています！ / 当日の取材／独自予想 / 4/28(火)は,
286022100000532840,パールショップともえ富里802,,情報はありません,4/29:4.0点 旧イベ(9のつく日) / ※一部取材スケジュールの推測について / 「千葉県
287004200000144010,パールショップともえ佐原山之辺,,情報はありません,4/29:5.3点 旧イベ(9のつく日) / ※一部取材スケジュールの推測について / 「千葉県
288004100000000711,サンラッキー銚子店,,情報はありません,5/3:3.3点 旧イベ過去状況評価 +0.5 / 旧イベ(3のつく日) / ※一部取材スケジュールの推測について / 「千葉県
288004800000000520,MGM銚子店,,情報はありません,4/29:8.3点 クロロ調査隊チームS/P | 5/3:7.8点 リルスロ来店 / ※一部取材スケジュールの推測について / 「千葉県
288080400000008890,パールショップともえ銚子今宮店,,情報はありません,4/29:6.0点 旧イベ(9のつく日) / ※一部取材スケジュールの推測について / 「千葉県
288084600000013510,ダイナム銚子店,,情報はありません / ※一部取材スケジュールの推測について / 「千葉県 4/28(火)」おすすめランキングを見る / 「千葉県」取材・旧イベ一覧を見る / ここからは分析型人工知能ナビ子が、分析内容と一緒にご説明します！お気づきの点やご要望があればコメント欄にお書きください！ / 分析の基準日について / 4/28(火)を基準に分析を行っています！ / 当日の取材／独自予想 / 4/28(火)は,
289031200000007280,ダイナム小見川店,,情報はありません,4/29:6.0点 スロセレ / ※一部取材スケジュールの推測について / 「千葉県
289032100000002080,パールショップともえ小見川店,,情報はありません,4/29:3.8点 旧イベ(9のつく日) / ※一部取材スケジュールの推測について / 「千葉県
289110300000028720,ダイナム八街店,,情報はありません / ※一部取材スケジュールの推測について / 「千葉県 4/28(火)」おすすめランキングを見る / 「千葉県」取材・旧イベ一覧を見る / ここからは分析型人工知能ナビ子が、分析内容と一緒にご説明します！お気づきの点やご要望があればコメント欄にお書きください！ / 分析の基準日について / 4/28(火)を基準に分析を行っています！ / 当日の取材／独自予想 / 4/28(火)は,
289110400003011140,パールショップともえ八街HIZIKAI,,情報はありません,4/29:4.2点 旧イベ(9のつく日) / ※一部取材スケジュールの推測について / 「千葉県
289110400030128220,HappyBox,,情報はありません,4/29:4.0点 HAPPYスマスロ取材 / ※一部取材スケジュールの推測について / 「千葉県
289110600000090610,MGM八街榎戸店,,"A / 天草覇道ホール応援団来店 / パーフェクトリサーチ / 「天草覇道ホール応援団来店」の信頼度は?? / 直近一年以内の全国の出玉データを分析！出玉面から取材、予想の信頼度をチェック！ / サンプル軸	確認170件 / 実施287件 (59.2%) / 出玉状況	平均+12枚 上位37.2% / 稼働状況	平均3,925G 上位35% / 単独開催時	平均+28枚 平均3,709G / 確認",4/28:11.2点 天草覇道ホール応援団来店 / パーフェクトリサーチ / 「天草覇道ホール応援団来店」の信頼度は?? / 直近一年以内の全国の出玉データを分析！出玉面から取材、予想の信頼度をチェック！ / サンプル軸	確認170件 / 実施287件 (59.2%) / 出玉状況	平均+12枚 上位37.2% / 稼働
289111500000095110,パールショップともえ八街店,,情報はありません,4/29:5.0点 旧イベ(9のつく日) / ※一部取材スケジュールの推測について / 「千葉県
289132600000193210,ダイナム千葉成東店,,情報はありません / ※一部取材スケジュールの推測について / 「千葉県 4/28(火)」おすすめランキングを見る / 「千葉県」取材・旧イベ一覧を見る / ここからは分析型人工知能ナビ子が、分析内容と一緒にご説明します！お気づきの点やご要望があればコメント欄にお書きください！ / 分析の基準日について / 4/28(火)を基準に分析を行っています！ / 当日の取材／独自予想 / 4/28(火)は,
289160800000229930,MGM芝山店,,情報はありません / ※一部取材スケジュールの推測について / 「千葉県 4/28(火)」おすすめランキングを見る / 「千葉県」取材・旧イベ一覧を見る / ここからは分析型人工知能ナビ子が、分析内容と一緒にご説明します！お気づきの点やご要望があればコメント欄にお書きください！ / 分析の基準日について / 4/28(火)を基準に分析を行っています！ / 合計 +5.1 / 当日の取材／独自予想 ,
289173200000021730,ダイナム横芝店,,情報はありません / ※一部取材スケジュールの推測について / 「千葉県 4/28(火)」おすすめランキングを見る / 「千葉県」取材・旧イベ一覧を見る / ここからは分析型人工知能ナビ子が、分析内容と一緒にご説明します！お気づきの点やご要望があればコメント欄にお書きください！ / 分析の基準日について / 4/28(火)を基準に分析を行っています！ / 当日の取材／独自予想 / 4/28(火)は,
289214400000060010,パールショップともえ八日市場店,,"S / 周年日 ★×3 / ホールナビによる独自分析！ / ～パールショップともえ八日市場店の周年日を分析～ / ・とても優秀な過去データ (+6.9) / ・今年意識してる / →★×3 / 2025/04/28(月) 24周年 286台 +39枚 6,122G / パチスロ からくりサーカス / 14/18	平均5,606G	平均+3,343枚 / スマスロスーパーブラックジャック / 4/4",4/28:11.8点 周年日 ★×3 / ホールナビによる独自分析！ / ～パールショップともえ八日市場店の周年日を分析～ / ・とても優秀な過去データ (+6.9) / ・今年意識してる / →★×3 / 2025/ | 4/29:4.8点 旧イベ(9のつく日) / ※一部取材スケジュールの推測について / 「千葉県
289224100000160310,パールショップともえ多古店,,情報はありません,4/29:3.8点 旧イベ(9のつく日) / ※一部取材スケジュールの推測について / 「千葉県
289250400000003310,パールショップともえ旭店,,情報はありません,4/29:4.4点 旧イベ(9のつく日) / ※一部取材スケジュールの推測について / 「千葉県
289250400000273710,パーラーフェニックス旭店,,情報はありません,4/30:0.0点 旧イベ(0のつく日) | 5/5:0.0点 旧イベ(5のつく日) / ※一部取材スケジュールの推測について / 「千葉県
289251100004212200,Dステーション旭,,・ / 新台入替(P-WORLD引用),4/28:5.5点 新台入替(P-WORLD引用) / 明日: | 4/29:4.5点 旧イベ(9のつく日) | 5/3:4.5点 旧イベ(3のつく日) / ※一部取材スケジュールの推測について / 「千葉県
289253500000339720,ダイナム千葉旭店ゆったり館,,情報はありません,4/29:4.0点 スロセレ低貸Ver / ※一部取材スケジュールの推測について / 「千葉県
289261300000012260,ダイナム千葉海上店ゆったり館,,情報はありません / ※一部取材スケジュールの推測について / 「千葉県 4/28(火)」おすすめランキングを見る / 「千葉県」取材・旧イベ一覧を見る / ここからは分析型人工知能ナビ子が、分析内容と一緒にご説明します！お気づきの点やご要望があればコメント欄にお書きください！ / 分析の基準日について / 4/28(火)を基準に分析を行っています！ / 当日の取材／独自予想 / 4/28(火)は,
289261300000137630,ヴィーナス海上店,,情報はありません,5/1:0.0点 旧イベ(1のつく日) / ※一部取材スケジュールの推測について / 「千葉県
290000800000000180,メトロ市原店,,情報はありません / ※一部取材スケジュールの推測について / 「千葉県 4/28(火)」おすすめランキングを見る / 「千葉県」取材・旧イベ一覧を見る / ここからは分析型人工知能ナビ子が、分析内容と一緒にご説明します！お気づきの点やご要望があればコメント欄にお書きください！ / 分析の基準日について / 4/28(火)を基準に分析を行っています！ / 当日の取材／独自予想 / 4/28(火)は,
290001500000050011,ヒノマル辰巳店,,・ / 新台入替(P-WORLD引用) / ※一部取材スケジュールの推測について / 「千葉県 4/28(火)」おすすめランキングを見る / 「千葉県」取材・旧イベ一覧を見る / ここからは分析型人工知能ナビ子が、分析内容と一緒にご説明します！お気づきの点やご要望があればコメント欄にお書きください！ / 分析の基準日について / 4/28(火)を基準に分析を行っています！ / 合計 +1.0 / ,4/28:1.0点 新台入替(P-WORLD引用) / ※一部取材スケジュールの推測について / 「千葉県
290002300000057410,パールショップともえ市原店,,情報はありません,4/29:7.5点 旧イベ(9のつく日) / ※一部取材スケジュールの推測について / 「千葉県
290004400000011120,サンシャインコスモ,,情報はありません,4/30:8.5点 アッパーガール | 5/3:5.0点 旧イベ(3のつく日) / ※一部取材スケジュールの推測について / 「千葉県
290005700000013230,サンシャインMAX,,"C / 真骨頂 / DMMぱちタウン / 「真骨頂」の信頼度は?? / 直近一年以内の全国の出玉データを分析！出玉面から取材、予想の信頼度をチェック！ / サンプル軸	確認33件 / 実施103件 (32%) / 出玉状況	平均-102枚 上位81.6% / 稼働状況	平均3,066G 上位63.3% / 単独開催時	平均-77枚 平均3,112G / 確認店舗数	11店舗 / 開催時影響	平均+","4/28:4.5点 真骨頂 / DMMぱちタウン / 「真骨頂」の信頼度は?? / 直近一年以内の全国の出玉データを分析！出玉面から取材、予想の信頼度をチェック！ / サンプル軸	確認33件 / 実施103件 (32%) / 出玉状況	平均-102枚 上位81.6% / 稼働状況	平均3,066G 上位63.3% /  | 5/3:6.2点 ぱちタウンエンジェルス / 旧イベ(3のつく日) / ※一部取材スケジュールの推測について / 「千葉県"
290006200000009730,DAIKI八幡宿駅前店,,情報はありません / ※一部取材スケジュールの推測について / 「千葉県 4/28(火)」おすすめランキングを見る / 「千葉県」取材・旧イベ一覧を見る / ここからは分析型人工知能ナビ子が、分析内容と一緒にご説明します！お気づきの点やご要望があればコメント欄にお書きください！ / 分析の基準日について / 4/28(火)を基準に分析を行っています！ / 当日の取材／独自予想 / 4/28(火)は,
290006700001932281,メガサイバースロットパチンコ市原店,,情報はありません,4/29:7.1点 GOBOTEN大盛り来店取材 / 旧イベ過去状況評価 +1.0 / 旧イベ(9のつく日) | 5/3:5.2点 旧イベ過去状況評価 +1.0 / 旧イベ(3のつく日) / ※一部取材スケジュールの推測について / 「千葉県
290006800000001470,マルハンメガシティ市原店,,"C / パセリ取材 / ナナテンガール / 「パセリ取材」の信頼度は?? / 直近一年以内の全国の出玉データを分析！出玉面から取材、予想の信頼度をチェック！ / サンプル軸	確認406件 / 実施472件 (86%) / 出玉状況	平均+28枚 上位37.2% / 稼働状況	平均4,226G 上位25.1% / 単独開催時	平均-54枚 平均3,451G / 確認店舗数	52店舗 / 開催時影響	","4/28:7.2点 パセリ取材 / ナナテンガール / 「パセリ取材」の信頼度は?? / 直近一年以内の全国の出玉データを分析！出玉面から取材、予想の信頼度をチェック！ / サンプル軸	確認406件 / 実施472件 (86%) / 出玉状況	平均+28枚 上位37.2% / 稼働状況	平均4,226G 上位25.1% | 4/29:13.4点 S級ホール調査-虹- | 4/30:6.7点 皇帝のリアル | 5/1:11.2点 スロット天下無双 | 5/2:10.7点 キングニャンバーワン2nd | 5/3:13.4点 S級ホール調査-虹- | 5/4:7.1点 アルテミス来店(神の子来店ホール調査) / ミカエル来店(神の子来店ホール調査) / イザナギ来店(神の子来店ホール調査) / ガブリエル来店(神の子来店ホール調査) / ※一部取材スケジュールの推測について / 「千葉県"
290008100000002121,ヒノマル五井店,,・ / 新台入替(P-WORLD引用) / ※一部取材スケジュールの推測について / 「千葉県 4/28(火)」おすすめランキングを見る / 「千葉県」取材・旧イベ一覧を見る / ここからは分析型人工知能ナビ子が、分析内容と一緒にご説明します！お気づきの点やご要望があればコメント欄にお書きください！ / 分析の基準日について / 4/28(火)を基準に分析を行っています！ / 合計 +2.3 / ,4/28:2.3点 新台入替(P-WORLD引用) / ※一部取材スケジュールの推測について / 「千葉県
290020700000017430,ひのまる海士有木店,,・ / 新台入替(P-WORLD引用) / ※一部取材スケジュールの推測について / 「千葉県 4/28(火)」おすすめランキングを見る / 「千葉県」取材・旧イベ一覧を見る / ここからは分析型人工知能ナビ子が、分析内容と一緒にご説明します！お気づきの点やご要望があればコメント欄にお書きください！ / 分析の基準日について / 4/28(火)を基準に分析を行っています！ / 合計 +1.0 / ,4/28:1.0点 新台入替(P-WORLD引用) / ※一部取材スケジュールの推測について / 「千葉県
290022100000159410,P・MAX,,・ / 新台入替(P-WORLD引用) / ※一部取材スケジュールの推測について / 「千葉県 4/28(火)」おすすめランキングを見る / 「千葉県」取材・旧イベ一覧を見る / ここからは分析型人工知能ナビ子が、分析内容と一緒にご説明します！お気づきの点やご要望があればコメント欄にお書きください！ / 分析の基準日について / 4/28(火)を基準に分析を行っています！ / 合計 +1.0 / ,4/28:1.0点 新台入替(P-WORLD引用) / ※一部取材スケジュールの推測について / 「千葉県
292004200000051350,メトロ清見台店,,情報はありません,4/30:0.0点 旧イベ(0のつく日) / ※一部取材スケジュールの推測について / 「千葉県
292005400000202110,PLAZADo長須賀店,,情報はありません / ※一部取材スケジュールの推測について / 「千葉県 4/28(火)」おすすめランキングを見る / 「千葉県」取材・旧イベ一覧を見る / ここからは分析型人工知能ナビ子が、分析内容と一緒にご説明します！お気づきの点やご要望があればコメント欄にお書きください！ / 分析の基準日について / 4/28(火)を基準に分析を行っています！ / 当日の取材／独自予想 / 4/28(火)は,
292006300000291140,ダイエー木更津店,,C / クイーンズPARADE / アツ姫 / アツ姫公式スケジュールの詳細ボタンを押すと、対象6機種の画像を見る事ができるので要チェック：アツ姫公式ページ / レポートでは対象6機種の高稼働台をピックアップしています / 「クイーンズPARADE」の信頼度は?? / 直近一年以内の全国の出玉データを分析！出玉面から取材、予想の信頼度をチェック！ / サンプル軸	確認817件 / 実施1368件 ,4/28:3.5点 クイーンズPARADE / アツ姫 / アツ姫公式スケジュールの詳細ボタンを押すと、対象6機種の画像を見る事ができるので要チェック：アツ姫公式ページ / レポートでは対象6機種の高稼働台をピックアップしています / 「クイーンズPARADE」の信頼度は?? / 直近一年以内の全国の出玉データを分析！ | 4/29:3.5点 皇帝のリアル | 5/4:0.5点 旧イベ(4のつく日) / ※一部取材スケジュールの推測について / 「千葉県
292006400000060010,パールショップともえ木更津店,,情報はありません,4/29:4.7点 旧イベ(9のつく日) / ※一部取材スケジュールの推測について / 「千葉県
292045500000000650,久留里ジャンボ,,情報はありません / ※一部取材スケジュールの推測について / 「千葉県 4/28(火)」おすすめランキングを見る / 「千葉県」取材・旧イベ一覧を見る / ここからは分析型人工知能ナビ子が、分析内容と一緒にご説明します！お気づきの点やご要望があればコメント欄にお書きください！ / 分析の基準日について / 4/28(火)を基準に分析を行っています！ / 当日の取材／独自予想 / 4/28(火)は,
292080100000124200,PLAZADo木更津店,,情報はありません,5/1:11.0点 旧イベ過去状況評価 +4.0 / 旧イベ(毎月 1日) | 5/5:10.0点 ネコミミTV うみのいくら来店 / ※一部取材スケジュールの推測について / 「千葉県
292082300000002230,VEGAS BANK,,情報はありません / ※一部取材スケジュールの推測について / 「千葉県 4/28(火)」おすすめランキングを見る / 「千葉県」取材・旧イベ一覧を見る / ここからは分析型人工知能ナビ子が、分析内容と一緒にご説明します！お気づきの点やご要望があればコメント欄にお書きください！ / 分析の基準日について / 4/28(火)を基準に分析を行っています！ / 合計 0.0 / 当日の取材／独自予想 /,
293001200000001320,プラザDo富津店,,情報はありません,5/2:9.6点 ネコミミTV うみのいくら来店 | 5/3:11.3点 タレント・ライター / ※一部取材スケジュールの推測について / 「千葉県
294004700000002460,ダイナム館山店,,・ / 新台入替(P-WORLD引用) / ※一部取材スケジュールの推測について / 「千葉県 4/28(火)」おすすめランキングを見る / 「千葉県」取材・旧イベ一覧を見る / ここからは分析型人工知能ナビ子が、分析内容と一緒にご説明します！お気づきの点やご要望があればコメント欄にお書きください！ / 分析の基準日について / 4/28(火)を基準に分析を行っています！ / 合計 +1.0 / ,4/28:1.0点 新台入替(P-WORLD引用) / ※一部取材スケジュールの推測について / 「千葉県
294005100000058810,OKURA,,情報はありません / ※一部取材スケジュールの推測について / 「千葉県 4/28(火)」おすすめランキングを見る / 「千葉県」取材・旧イベ一覧を見る / ここからは分析型人工知能ナビ子が、分析内容と一緒にご説明します！お気づきの点やご要望があればコメント欄にお書きください！ / 分析の基準日について / 4/28(火)を基準に分析を行っています！ / 当日の取材／独自予想 / 4/28(火)は,
294005400000002310,SKIP館山店,,情報はありません / ※一部取材スケジュールの推測について / 「千葉県 4/28(火)」おすすめランキングを見る / 「千葉県」取材・旧イベ一覧を見る / ここからは分析型人工知能ナビ子が、分析内容と一緒にご説明します！お気づきの点やご要望があればコメント欄にお書きください！ / 分析の基準日について / 4/28(火)を基準に分析を行っています！ / 合計 +4.3 / 当日の取材／独自予想 ,
296000100000016670,ヒルトン鴨川店,,情報はありません / ※一部取材スケジュールの推測について / 「千葉県 4/28(火)」おすすめランキングを見る / 「千葉県」取材・旧イベ一覧を見る / ここからは分析型人工知能ナビ子が、分析内容と一緒にご説明します！お気づきの点やご要望があればコメント欄にお書きください！ / 分析の基準日について / 4/28(火)を基準に分析を行っています！ / 当日の取材／独自予想 / 4/28(火)は,
296003300000005500,ローラズハウス,,情報はありません / ※一部取材スケジュールの推測について / 「千葉県 4/28(火)」おすすめランキングを見る / 「千葉県」取材・旧イベ一覧を見る / ここからは分析型人工知能ナビ子が、分析内容と一緒にご説明します！お気づきの点やご要望があればコメント欄にお書きください！ / 分析の基準日について / 4/28(火)を基準に分析を行っています！ / 当日の取材／独自予想 / 4/28(火)は,
296003400000006510,パチンコ鴨川フラワー,,情報はありません / ※一部取材スケジュールの推測について / 「千葉県 4/28(火)」おすすめランキングを見る / 「千葉県」取材・旧イベ一覧を見る / ここからは分析型人工知能ナビ子が、分析内容と一緒にご説明します！お気づきの点やご要望があればコメント欄にお書きください！ / 分析の基準日について / 4/28(火)を基準に分析を行っています！ / 当日の取材／独自予想 / 4/28(火)は,
297000400000077030,サンラッキー茂原店,,情報はありません,5/1:0.0点 旧イベ(1のつく日) / ※一部取材スケジュールの推測について / 「千葉県
297000700000005150,マルハン茂原店,,"S / 周年日 ★×2 / ホールナビによる独自分析！ / ～マルハン茂原店の周年日を分析～ / ・通常な過去データ / ・今年意識してる / →★×2 / 2025/04/28(月) 15周年 288台 +202枚 6,809G / パチスロ かぐや様は告らせたい / 8/16	平均8,599G	平均+2,388枚 / スマスロ北斗の拳 / 10/18	平均7,570G	平均+1,426枚 / ",4/28:14.5点 周年日 ★×2 / ホールナビによる独自分析！ / ～マルハン茂原店の周年日を分析～ / ・通常な過去データ / ・今年意識してる / →★×2 / 2025/ | 4/29:11.0点 水樹あや来店 | 4/30:7.5点 桜梅桃李 | 5/1:12.1点 スロパチステーション来店取材(青) | 5/2:6.0点 まりも来店 | 5/3:9.4点 たなちゅう来店 / アツ姫来店 | 5/4:12.1点 覇王のリアル / ※一部取材スケジュールの推測について / 「千葉県
297002900000017020,ヒノマル茂原店,,情報はありません / ※一部取材スケジュールの推測について / 「千葉県 4/28(火)」おすすめランキングを見る / 「千葉県」取材・旧イベ一覧を見る / ここからは分析型人工知能ナビ子が、分析内容と一緒にご説明します！お気づきの点やご要望があればコメント欄にお書きください！ / 分析の基準日について / 4/28(火)を基準に分析を行っています！ / 当日の取材／独自予想 / 4/28(火)は,
297003200000015180,グローブ茂原店,,情報はありません / ※一部取材スケジュールの推測について / 「千葉県 4/28(火)」おすすめランキングを見る / 「千葉県」取材・旧イベ一覧を見る / ここからは分析型人工知能ナビ子が、分析内容と一緒にご説明します！お気づきの点やご要望があればコメント欄にお書きください！ / 分析の基準日について / 4/28(火)を基準に分析を行っています！ / 当日の取材／独自予想 / 4/28(火)は,
297003300000003310,PYRAMID茂原,,情報はありません / ※一部取材スケジュールの推測について / 「千葉県 4/28(火)」おすすめランキングを見る / 「千葉県」取材・旧イベ一覧を見る / ここからは分析型人工知能ナビ子が、分析内容と一緒にご説明します！お気づきの点やご要望があればコメント欄にお書きください！ / 分析の基準日について / 4/28(火)を基準に分析を行っています！ / 当日の取材／独自予想 / 4/28(火)は,
297003700000212930,トワーズ茂原店,,・ / 旧イベ(8のつく日),4/28:0.0点 旧イベ(8のつく日) / 明日: | 4/29:3.0点 金龍伝説 | 4/30:0.0点 旧イベ(0のつく日) / ※一部取材スケジュールの推測について / 「千葉県
297005500000088010,777ニューみやこ,,情報はありません / ※一部取材スケジュールの推測について / 「千葉県 4/28(火)」おすすめランキングを見る / 「千葉県」取材・旧イベ一覧を見る / ここからは分析型人工知能ナビ子が、分析内容と一緒にご説明します！お気づきの点やご要望があればコメント欄にお書きください！ / 分析の基準日について / 4/28(火)を基準に分析を行っています！ / 合計 +2.5 / 当日の取材／独自予想 ,
297006200000041650,Vmax(ブイマックス)茂原,,情報はありません,5/5:2.4点 旧イベ(5のつく日) / ※一部取材スケジュールの推測について / 「千葉県
297007400000162720,ダイナム千葉茂原店ゆったり館,,情報はありません,4/29:6.5点 周年日 ★×0 / ※一部取材スケジュールの推測について / 「千葉県
298000200000039240,P-GOD,,・ / 旧イベ(8のつく日),4/28:0.0点 旧イベ(8のつく日) / 明日: | 5/3:0.0点 旧イベ(3のつく日) / ※一部取材スケジュールの推測について / 「千葉県
298001300000017210,セブンスター,,情報はありません / ※一部取材スケジュールの推測について / 「千葉県 4/28(火)」おすすめランキングを見る / 「千葉県」取材・旧イベ一覧を見る / ここからは分析型人工知能ナビ子が、分析内容と一緒にご説明します！お気づきの点やご要望があればコメント欄にお書きください！ / 分析の基準日について / 4/28(火)を基準に分析を行っています！ / 当日の取材／独自予想 / 4/28(火)は,
298012300000039310,ABC国吉店,,情報はありません / ※一部取材スケジュールの推測について / 「千葉県 4/28(火)」おすすめランキングを見る / 「千葉県」取材・旧イベ一覧を見る / ここからは分析型人工知能ナビ子が、分析内容と一緒にご説明します！お気づきの点やご要望があればコメント欄にお書きください！ / 分析の基準日について / 4/28(火)を基準に分析を行っています！ / 当日の取材／独自予想 / 4/28(火)は,
299010100000004710,メトロ潮見通り店,,情報はありません / ※一部取材スケジュールの推測について / 「千葉県 4/28(火)」おすすめランキングを見る / 「千葉県」取材・旧イベ一覧を見る / ここからは分析型人工知能ナビ子が、分析内容と一緒にご説明します！お気づきの点やご要望があればコメント欄にお書きください！ / 分析の基準日について / 4/28(火)を基準に分析を行っています！ / 当日の取材／独自予想 / 4/28(火)は,
299010200000002830,ヴィーナス市原,,情報はありません,5/5:8.7点 ナビ子AI予想【機種仕掛け】★1 (月と重なる日) / 旧イベ(5のつく日) / ※一部取材スケジュールの推測について / 「千葉県
299010700000007110,クレストプラス姉崎店,,情報はありません,4/30:7.4点 クロロ調査隊チームS | 5/1:12.2点 スロパチガール来店S / ナビ子AI予想【機種仕掛け】★4 (1のつく日) / ナビ子AI独自予想 N +4.5 / 旧イベ(1のつく日) | 5/3:7.4点 ドリルスロット | 5/5:10.6点 ヒカルのホール千景（スロミュー×ヒカル） / ※一部取材スケジュールの推測について / 「千葉県
299011000000001120,ヒノマル姉崎店,,情報はありません / ※一部取材スケジュールの推測について / 「千葉県 4/28(火)」おすすめランキングを見る / 「千葉県」取材・旧イベ一覧を見る / ここからは分析型人工知能ナビ子が、分析内容と一緒にご説明します！お気づきの点やご要望があればコメント欄にお書きください！ / 分析の基準日について / 4/28(火)を基準に分析を行っています！ / 当日の取材／独自予想 / 4/28(火)は,
299023600000004600,横田ジャンボ,,情報はありません / ※一部取材スケジュールの推測について / 「千葉県 4/28(火)」おすすめランキングを見る / 「千葉県」取材・旧イベ一覧を見る / ここからは分析型人工知能ナビ子が、分析内容と一緒にご説明します！お気づきの点やご要望があればコメント欄にお書きください！ / 分析の基準日について / 4/28(火)を基準に分析を行っています！ / 当日の取材／独自予想 / 4/28(火)は,
299024500000022280,イーグル袖ヶ浦店,,情報はありません / ※一部取材スケジュールの推測について / 「千葉県 4/28(火)」おすすめランキングを見る / 「千葉県」取材・旧イベ一覧を見る / ここからは分析型人工知能ナビ子が、分析内容と一緒にご説明します！お気づきの点やご要望があればコメント欄にお書きください！ / 分析の基準日について / 4/28(火)を基準に分析を行っています！ / 合計 +3.0 / 当日の取材／独自予想 ,
299026500000011620,サイバースロット長浦店,,"B / SEVEN THE TARGET / セブンラッシュ / 「SEVEN THE TARGET」の信頼度は?? / 直近一年以内の全国の出玉データを分析！出玉面から取材、予想の信頼度をチェック！ / サンプル軸	確認142件 / 実施394件 (36%) / 出玉状況	平均-42枚 上位65.2% / 稼働状況	平均3,003G 上位65.6% / 単独開催時	平均-71枚 平均1,962G",4/28:7.1点 SEVEN THE TARGET / セブンラッシュ / 「SEVEN THE TARGET」の信頼度は?? / 直近一年以内の全国の出玉データを分析！出玉面から取材、予想の信頼度をチェック！ / サンプル軸	確認142件 / 実施394件 (36%) / 出玉状況	平均-42枚 上位65.2% / | 4/29:7.1点 SEVEN THE TARGET | 4/30:7.1点 SEVEN THE TARGET | 5/1:7.1点 SEVEN THE TARGET | 5/2:7.1点 SEVEN THE TARGET | 5/3:7.1点 SEVEN THE TARGET / ※一部取材スケジュールの推測について / 「千葉県
299114200000000150,タイガー,,情報はありません,4/29:0.0点 旧イベ(毎週 水曜日) / ※一部取材スケジュールの推測について / 「千葉県
299114200000673110,日の丸本店,,情報はありません / ※一部取材スケジュールの推測について / 「千葉県 4/28(火)」おすすめランキングを見る / 「千葉県」取材・旧イベ一覧を見る / ここからは分析型人工知能ナビ子が、分析内容と一緒にご説明します！お気づきの点やご要望があればコメント欄にお書きください！ / 分析の基準日について / 4/28(火)を基準に分析を行っています！ / 当日の取材／独自予想 / 4/28(火)は,
299114200000673112,SLOTG8,,情報はありません / ※一部取材スケジュールの推測について / 「千葉県 4/28(火)」おすすめランキングを見る / 「千葉県」取材・旧イベ一覧を見る / ここからは分析型人工知能ナビ子が、分析内容と一緒にご説明します！お気づきの点やご要望があればコメント欄にお書きください！ / 分析の基準日について / 4/28(火)を基準に分析を行っています！ / 当日の取材／独自予想 / 4/28(火)は,
299114400000000221,PRIME-1,,・ / 新台入替(P-WORLD引用),4/28:1.0点 新台入替(P-WORLD引用) / 明日: | 4/29:6.5点 周年日 ★×0 | 4/30:4.0点 万枚チャレンジ / ※一部取材スケジュールの推測について / 「千葉県
299115100000001110,日の丸君津駅前店,,情報はありません / ※一部取材スケジュールの推測について / 「千葉県 4/28(火)」おすすめランキングを見る / 「千葉県」取材・旧イベ一覧を見る / ここからは分析型人工知能ナビ子が、分析内容と一緒にご説明します！お気づきの点やご要望があればコメント欄にお書きください！ / 分析の基準日について / 4/28(火)を基準に分析を行っています！ / 当日の取材／独自予想 / 4/28(火)は,
299116200000096300,日の丸八重原店,,情報はありません,4/29:0.0点 旧イベ(毎月 29日) / ※一部取材スケジュールの推測について / 「千葉県
299117300000009110,日の丸サザン店,,情報はありません / ※一部取材スケジュールの推測について / 「千葉県 4/28(火)」おすすめランキングを見る / 「千葉県」取材・旧イベ一覧を見る / ここからは分析型人工知能ナビ子が、分析内容と一緒にご説明します！お気づきの点やご要望があればコメント欄にお書きください！ / 分析の基準日について / 4/28(火)を基準に分析を行っています！ / 当日の取材／独自予想 / 4/28(火)は,
299117400000001480,ツインタイガー,,情報はありません / ※一部取材スケジュールの推測について / 「千葉県 4/28(火)」おすすめランキングを見る / 「千葉県」取材・旧イベ一覧を見る / ここからは分析型人工知能ナビ子が、分析内容と一緒にご説明します！お気づきの点やご要望があればコメント欄にお書きください！ / 分析の基準日について / 4/28(火)を基準に分析を行っています！ / 当日の取材／独自予想 / 4/28(火)は,
299117400000012230,ニュータイガー,,情報はありません,4/29:0.0点 旧イベ(毎週 水曜日) / ※一部取材スケジュールの推測について / 「千葉県
299211500000019820,パチンコヒルトン勝山,,情報はありません / ※一部取材スケジュールの推測について / 「千葉県 4/28(火)」おすすめランキングを見る / 「千葉県」取材・旧イベ一覧を見る / ここからは分析型人工知能ナビ子が、分析内容と一緒にご説明します！お気づきの点やご要望があればコメント欄にお書きください！ / 分析の基準日について / 4/28(火)を基準に分析を行っています！ / 当日の取材／独自予想 / 4/28(火)は,
299325100000013820,Vmax(ブイマックス)大網,,情報はありません,5/5:0.9点 旧イベ(5のつく日) / ※一部取材スケジュールの推測について / 「千葉県
299411300000123010,茂原スパジオ,,情報はありません / ※一部取材スケジュールの推測について / 「千葉県 4/28(火)」おすすめランキングを見る / 「千葉県」取材・旧イベ一覧を見る / ここからは分析型人工知能ナビ子が、分析内容と一緒にご説明します！お気づきの点やご要望があればコメント欄にお書きください！ / 分析の基準日について / 4/28(火)を基準に分析を行っています！ / 合計 +0.9 / 当日の取材／独自予想 ,
299434500000073510,ダイナム千葉長生店ゆったり館,,情報はありません / ※一部取材スケジュールの推測について / 「千葉県 4/28(火)」おすすめランキングを見る / 「千葉県」取材・旧イベ一覧を見る / ここからは分析型人工知能ナビ子が、分析内容と一緒にご説明します！お気づきの点やご要望があればコメント欄にお書きください！ / 分析の基準日について / 4/28(火)を基準に分析を行っています！ / 当日の取材／独自予想 / 4/28(火)は,
299523400000001110,ニューカツウラ,,情報はありません / ※一部取材スケジュールの推測について / 「千葉県 4/28(火)」おすすめランキングを見る / 「千葉県」取材・旧イベ一覧を見る / ここからは分析型人工知能ナビ子が、分析内容と一緒にご説明します！お気づきの点やご要望があればコメント欄にお書きください！ / 分析の基準日について / 4/28(火)を基準に分析を行っています！ / 当日の取材／独自予想 / 4/28(火)は,
